{"v":"4.8.0","meta":{"g":"LottieFiles AE 3.1.0","a":"","k":"","d":"","tc":""},"fr":29.9700012207031,"ip":0,"op":120.0000048877,"w":1000,"h":1000,"nm":"Lock finger print password","ddd":0,"assets":[],"layers":[{"ddd":0,"ind":1,"ty":4,"nm":"ï¿½ï¿½ï¿½ï¿½ 8 Outlines","parent":6,"sr":1,"ks":{"o":{"a":0,"k":100,"ix":11},"r":{"a":0,"k":0,"ix":10},"p":{"a":0,"k":[529.5,1153.607,0],"ix":2},"a":{"a":0,"k":[69.043,85.554,0],"ix":1},"s":{"a":0,"k":[423.046,423.046,100],"ix":6}},"ao":0,"shapes":[{"ty":"gr","it":[{"ind":0,"ty":"sh","ix":1,"ks":{"a":0,"k":{"i":[[-31.104,0],[0,-31.408],[0,0],[31.097,0],[0,31.408],[0,0]],"o":[[31.097,0],[0,0],[0,31.408],[-31.104,0],[0,0],[0,-31.408]],"v":[[0.004,-73.055],[56.542,-15.943],[56.542,15.943],[0.004,73.055],[-56.542,15.943],[-56.542,-15.943]],"c":true},"ix":2},"nm":"Path 1","mn":"ADBE Vector Shape - Group","hd":false},{"ty":"st","c":{"a":0,"k":[0.996211152918,0.996211152918,0.996211152918,1],"ix":3},"o":{"a":0,"k":100,"ix":4},"w":{"a":0,"k":5,"ix":5},"lc":2,"lj":1,"ml":10,"bm":0,"nm":"Stroke 1","mn":"ADBE Vector Graphic - Stroke","hd":false},{"ty":"tr","p":{"a":0,"k":[69.042,85.555],"ix":2},"a":{"a":0,"k":[0,0],"ix":1},"s":{"a":0,"k":[100,100],"ix":3},"r":{"a":0,"k":0,"ix":6},"o":{"a":0,"k":100,"ix":7},"sk":{"a":0,"k":0,"ix":4},"sa":{"a":0,"k":0,"ix":5},"nm":"Transform"}],"nm":"Group 1","np":2,"cix":2,"bm":0,"ix":1,"mn":"ADBE Vector Group","hd":false},{"ty":"tm","s":{"a":0,"k":0,"ix":1},"e":{"a":0,"k":95,"ix":2},"o":{"a":1,"k":[{"i":{"x":[0.833],"y":[0.833]},"o":{"x":[0.167],"y":[0.167]},"t":0,"s":[0]},{"t":119.000004846969,"s":[-360]}],"ix":3},"m":1,"ix":2,"nm":"Trim Paths 1","mn":"ADBE Vector Filter - Trim","hd":false}],"ip":0,"op":120.0000048877,"st":0,"bm":0},{"ddd":0,"ind":2,"ty":4,"nm":"ï¿½ï¿½ï¿½ï¿½ 7 Outlines","parent":1,"sr":1,"ks":{"o":{"a":0,"k":100,"ix":11},"r":{"a":0,"k":0,"ix":10},"p":{"a":0,"k":[69.043,85.554,0],"ix":2},"a":{"a":0,"k":[56.804,73.193,0],"ix":1},"s":{"a":0,"k":[100,100,100],"ix":6}},"ao":0,"shapes":[{"ty":"gr","it":[{"ind":0,"ty":"sh","ix":1,"ks":{"a":0,"k":{"i":[[-24.367,0],[0,-24.61],[0,0],[24.36,0],[0,24.611],[0,0]],"o":[[24.36,0],[0,0],[0,24.611],[-24.367,0],[0,0],[0,-24.61]],"v":[[0.004,-60.693],[44.303,-15.943],[44.303,15.942],[0.004,60.693],[-44.303,15.942],[-44.303,-15.943]],"c":true},"ix":2},"nm":"Path 1","mn":"ADBE Vector Shape - Group","hd":false},{"ty":"st","c":{"a":0,"k":[0.996211152918,0.996211152918,0.996211152918,1],"ix":3},"o":{"a":0,"k":100,"ix":4},"w":{"a":0,"k":5,"ix":5},"lc":2,"lj":1,"ml":10,"bm":0,"nm":"Stroke 1","mn":"ADBE Vector Graphic - Stroke","hd":false},{"ty":"tr","p":{"a":0,"k":[56.803,73.193],"ix":2},"a":{"a":0,"k":[0,0],"ix":1},"s":{"a":0,"k":[100,100],"ix":3},"r":{"a":0,"k":0,"ix":6},"o":{"a":0,"k":100,"ix":7},"sk":{"a":0,"k":0,"ix":4},"sa":{"a":0,"k":0,"ix":5},"nm":"Transform"}],"nm":"Group 1","np":2,"cix":2,"bm":0,"ix":1,"mn":"ADBE Vector Group","hd":false},{"ty":"tm","s":{"a":0,"k":0,"ix":1},"e":{"a":0,"k":93,"ix":2},"o":{"a":1,"k":[{"i":{"x":[0.833],"y":[0.833]},"o":{"x":[0.167],"y":[0.167]},"t":0,"s":[145.21]},{"t":119.000004846969,"s":[505.2]}],"ix":3},"m":1,"ix":2,"nm":"Trim Paths 1","mn":"ADBE Vector Filter - Trim","hd":false}],"ip":0,"op":120.0000048877,"st":0,"bm":0},{"ddd":0,"ind":3,"ty":4,"nm":"ï¿½ï¿½ï¿½ï¿½ 6 Outlines","parent":1,"sr":1,"ks":{"o":{"a":0,"k":100,"ix":11},"r":{"a":0,"k":0,"ix":10},"p":{"a":0,"k":[69.043,85.554,0],"ix":2},"a":{"a":0,"k":[44.565,60.832,0],"ix":1},"s":{"a":0,"k":[100,100,100],"ix":6}},"ao":0,"shapes":[{"ty":"gr","it":[{"ind":0,"ty":"sh","ix":1,"ks":{"a":0,"k":{"i":[[-17.637,0],[0,-17.813],[0,0],[17.629,0],[0,17.813],[0,0]],"o":[[17.629,0],[0,0],[0,17.813],[-17.637,0],[0,0],[0,-17.813]],"v":[[0.004,-48.332],[32.064,-15.942],[32.064,15.943],[0.004,48.332],[-32.064,15.943],[-32.064,-15.942]],"c":true},"ix":2},"nm":"Path 1","mn":"ADBE Vector Shape - Group","hd":false},{"ty":"st","c":{"a":0,"k":[0.996211152918,0.996211152918,0.996211152918,1],"ix":3},"o":{"a":0,"k":100,"ix":4},"w":{"a":0,"k":5,"ix":5},"lc":2,"lj":1,"ml":10,"bm":0,"nm":"Stroke 1","mn":"ADBE Vector Graphic - Stroke","hd":false},{"ty":"tr","p":{"a":0,"k":[44.564,60.832],"ix":2},"a":{"a":0,"k":[0,0],"ix":1},"s":{"a":0,"k":[100,100],"ix":3},"r":{"a":0,"k":0,"ix":6},"o":{"a":0,"k":100,"ix":7},"sk":{"a":0,"k":0,"ix":4},"sa":{"a":0,"k":0,"ix":5},"nm":"Transform"}],"nm":"Group 1","np":2,"cix":2,"bm":0,"ix":1,"mn":"ADBE Vector Group","hd":false},{"ty":"tm","s":{"a":0,"k":0,"ix":1},"e":{"a":0,"k":93,"ix":2},"o":{"a":1,"k":[{"i":{"x":[0.833],"y":[0.833]},"o":{"x":[0.167],"y":[0.167]},"t":0,"s":[250]},{"t":119.000004846969,"s":[-110]}],"ix":3},"m":1,"ix":2,"nm":"Trim Paths 1","mn":"ADBE Vector Filter - Trim","hd":false}],"ip":0,"op":120.0000048877,"st":0,"bm":0},{"ddd":0,"ind":4,"ty":4,"nm":"ï¿½ï¿½ï¿½ï¿½ 5 Outlines","parent":1,"sr":1,"ks":{"o":{"a":0,"k":100,"ix":11},"r":{"a":0,"k":0,"ix":10},"p":{"a":0,"k":[69.043,85.554,0],"ix":2},"a":{"a":0,"k":[32.326,48.47,0],"ix":1},"s":{"a":0,"k":[100,100,100],"ix":6}},"ao":0,"shapes":[{"ty":"gr","it":[{"ind":0,"ty":"sh","ix":1,"ks":{"a":0,"k":{"i":[[-10.907,0],[0,-11.016],[0,0],[10.9,0],[0,11.016],[0,0]],"o":[[10.9,0],[0,0],[0,11.016],[-10.907,0],[0,0],[0,-11.016]],"v":[[0.004,-35.97],[19.826,-15.942],[19.826,15.943],[0.004,35.97],[-19.826,15.943],[-19.826,-15.942]],"c":true},"ix":2},"nm":"Path 1","mn":"ADBE Vector Shape - Group","hd":false},{"ty":"st","c":{"a":0,"k":[0.996211152918,0.996211152918,0.996211152918,1],"ix":3},"o":{"a":0,"k":100,"ix":4},"w":{"a":0,"k":5,"ix":5},"lc":2,"lj":1,"ml":10,"bm":0,"nm":"Stroke 1","mn":"ADBE Vector Graphic - Stroke","hd":false},{"ty":"tr","p":{"a":0,"k":[32.325,48.47],"ix":2},"a":{"a":0,"k":[0,0],"ix":1},"s":{"a":0,"k":[100,100],"ix":3},"r":{"a":0,"k":0,"ix":6},"o":{"a":0,"k":100,"ix":7},"sk":{"a":0,"k":0,"ix":4},"sa":{"a":0,"k":0,"ix":5},"nm":"Transform"}],"nm":"Group 1","np":2,"cix":2,"bm":0,"ix":1,"mn":"ADBE Vector Group","hd":false},{"ty":"tm","s":{"a":0,"k":0,"ix":1},"e":{"a":0,"k":90,"ix":2},"o":{"a":1,"k":[{"i":{"x":[0.833],"y":[0.833]},"o":{"x":[0.167],"y":[0.167]},"t":0,"s":[226.891]},{"t":119.000004846969,"s":[586.9]}],"ix":3},"m":1,"ix":2,"nm":"Trim Paths 1","mn":"ADBE Vector Filter - Trim","hd":false}],"ip":0,"op":120.0000048877,"st":0,"bm":0},{"ddd":0,"ind":5,"ty":4,"nm":"ï¿½ï¿½ï¿½ï¿½ 4 Outlines","parent":1,"sr":1,"ks":{"o":{"a":0,"k":100,"ix":11},"r":{"a":0,"k":0,"ix":10},"p":{"a":0,"k":[69.043,85.554,0],"ix":2},"a":{"a":0,"k":[20.086,36.108,0],"ix":1},"s":{"a":0,"k":[100,100,100],"ix":6}},"ao":0,"shapes":[{"ty":"gr","it":[{"ind":0,"ty":"sh","ix":1,"ks":{"a":0,"k":{"i":[[-4.177,0],[0,-4.219],[0,0],[4.169,0],[0,4.219],[0,0]],"o":[[4.169,0],[0,0],[0,4.219],[-4.177,0],[0,0],[0,-4.219]],"v":[[0.004,-23.609],[7.587,-15.943],[7.587,15.943],[0.004,23.609],[-7.587,15.943],[-7.587,-15.943]],"c":true},"ix":2},"nm":"Path 1","mn":"ADBE Vector Shape - Group","hd":false},{"ty":"st","c":{"a":0,"k":[0.996211152918,0.996211152918,0.996211152918,1],"ix":3},"o":{"a":0,"k":100,"ix":4},"w":{"a":0,"k":5,"ix":5},"lc":2,"lj":2,"bm":0,"nm":"Stroke 1","mn":"ADBE Vector Graphic - Stroke","hd":false},{"ty":"tr","p":{"a":0,"k":[20.086,36.109],"ix":2},"a":{"a":0,"k":[0,0],"ix":1},"s":{"a":0,"k":[100,100],"ix":3},"r":{"a":0,"k":0,"ix":6},"o":{"a":0,"k":100,"ix":7},"sk":{"a":0,"k":0,"ix":4},"sa":{"a":0,"k":0,"ix":5},"nm":"Transform"}],"nm":"Group 1","np":2,"cix":2,"bm":0,"ix":1,"mn":"ADBE Vector Group","hd":false},{"ty":"tm","s":{"a":0,"k":0,"ix":1},"e":{"a":0,"k":83,"ix":2},"o":{"a":1,"k":[{"i":{"x":[0.833],"y":[0.833]},"o":{"x":[0.167],"y":[0.167]},"t":0,"s":[142.185]},{"t":119.000004846969,"s":[-217.8]}],"ix":3},"m":1,"ix":2,"nm":"Trim Paths 1","mn":"ADBE Vector Filter - Trim","hd":false}],"ip":0,"op":120.0000048877,"st":0,"bm":0},{"ddd":0,"ind":6,"ty":4,"nm":"lock","sr":1,"ks":{"o":{"a":0,"k":100,"ix":11},"r":{"a":0,"k":0,"ix":10},"p":{"a":0,"k":[500,524,0],"ix":2},"a":{"a":0,"k":[529.337,805.607,0],"ix":1},"s":{"a":0,"k":[35.36,35.36,100],"ix":6}},"ao":0,"shapes":[{"ty":"gr","it":[{"ind":0,"ty":"sh","ix":1,"ks":{"a":0,"k":{"i":[[0,-43.318],[0,0],[42.887,0],[0,0],[0,-43.317],[0,0],[-42.888,0],[0,0]],"o":[[0,0],[0,-43.317],[0,0],[-42.888,0],[0,0],[0,-43.318],[0,0],[42.887,0]],"v":[[529.087,58.091],[529.087,20.671],[451.106,-58.091],[-451.106,-58.091],[-529.087,20.671],[-529.087,58.091],[-451.106,-20.671],[451.106,-20.671]],"c":true},"ix":2},"nm":"Path 1","mn":"ADBE Vector Shape - Group","hd":false},{"ty":"fl","c":{"a":0,"k":[0.487202692967,0.795256969975,1,1],"ix":4},"o":{"a":0,"k":100,"ix":5},"r":1,"bm":0,"nm":"Fill 1","mn":"ADBE Vector Graphic - Fill","hd":false},{"ty":"tr","p":{"a":0,"k":[529.337,700.291],"ix":2},"a":{"a":0,"k":[0,0],"ix":1},"s":{"a":0,"k":[100,100],"ix":3},"r":{"a":0,"k":0,"ix":6},"o":{"a":0,"k":100,"ix":7},"sk":{"a":0,"k":0,"ix":4},"sa":{"a":0,"k":0,"ix":5},"nm":"Transform"}],"nm":"Group 1","np":2,"cix":2,"bm":0,"ix":1,"mn":"ADBE Vector Group","hd":false},{"ty":"gr","it":[{"ind":0,"ty":"sh","ix":1,"ks":{"a":0,"k":{"i":[[0,43.317],[0,0],[42.887,0],[0,0],[0,43.318],[0,0],[-42.888,0],[0,0]],"o":[[0,0],[0,43.318],[0,0],[-42.888,0],[0,0],[0,43.317],[0,0],[42.887,0]],"v":[[529.087,-58.076],[529.087,-20.685],[451.106,58.077],[-451.106,58.077],[-529.087,-20.685],[-529.087,-58.076],[-451.106,20.686],[451.106,20.686]],"c":true},"ix":2},"nm":"Path 1","mn":"ADBE Vector Shape - Group","hd":false},{"ty":"fl","c":{"a":0,"k":[0.15259216907,0.643597830978,0.970616718367,1],"ix":4},"o":{"a":0,"k":100,"ix":5},"r":1,"bm":0,"nm":"Fill 1","mn":"ADBE Vector Graphic - Fill","hd":false},{"ty":"tr","p":{"a":0,"k":[529.337,1552.888],"ix":2},"a":{"a":0,"k":[0,0],"ix":1},"s":{"a":0,"k":[100,100],"ix":3},"r":{"a":0,"k":0,"ix":6},"o":{"a":0,"k":100,"ix":7},"sk":{"a":0,"k":0,"ix":4},"sa":{"a":0,"k":0,"ix":5},"nm":"Transform"}],"nm":"Group 4","np":2,"cix":2,"bm":0,"ix":2,"mn":"ADBE Vector Group","hd":false},{"ty":"gr","it":[{"ind":0,"ty":"sh","ix":1,"ks":{"a":0,"k":{"i":[[-42.888,0],[0,0],[0,-43.317],[0,0],[42.888,0],[0,0],[0,43.319],[0,0]],"o":[[0,0],[42.888,0],[0,0],[0,43.319],[0,0],[-42.888,0],[0,0],[0,-43.317]],"v":[[-451.106,-484.383],[451.105,-484.383],[529.087,-405.62],[529.087,405.62],[451.105,484.383],[-451.106,484.383],[-529.087,405.62],[-529.087,-405.62]],"c":true},"ix":2},"nm":"Path 1","mn":"ADBE Vector Shape - Group","hd":false},{"ty":"fl","c":{"a":0,"k":[0.327018318924,0.73270000383,1,1],"ix":4},"o":{"a":0,"k":100,"ix":5},"r":1,"bm":0,"nm":"Fill 1","mn":"ADBE Vector Graphic - Fill","hd":false},{"ty":"tr","p":{"a":0,"k":[529.337,1126.582],"ix":2},"a":{"a":0,"k":[0,0],"ix":1},"s":{"a":0,"k":[100,100],"ix":3},"r":{"a":0,"k":0,"ix":6},"o":{"a":0,"k":100,"ix":7},"sk":{"a":0,"k":0,"ix":4},"sa":{"a":0,"k":0,"ix":5},"nm":"Transform"}],"nm":"Group 5","np":2,"cix":2,"bm":0,"ix":3,"mn":"ADBE Vector Group","hd":false},{"ty":"gr","it":[{"ind":0,"ty":"sh","ix":1,"ks":{"a":0,"k":{"i":[[0,0],[0,0],[51.761,52.279],[78.407,0],[51.761,-52.25],[0,-79.191],[0,0],[0,0],[0,0],[-56.069,56.63],[-85.152,0],[-56.069,-56.631],[0,-86.005],[0,0]],"o":[[0,0],[0,-79.191],[-51.761,-52.25],[-78.435,0],[-51.76,52.279],[0,0],[0,0],[0,0],[0,-86.005],[56.069,-56.631],[85.153,0],[56.069,56.63],[0,0],[0,0]],"v":[[285.392,318.77],[285.392,-8.074],[201.515,-211.607],[0,-296.324],[-201.515,-211.607],[-285.392,-8.074],[-285.392,318.77],[-309.515,318.77],[-309.515,-6.156],[-218.636,-226.981],[0,-318.77],[218.636,-226.981],[309.515,-6.156],[309.515,318.77]],"c":true},"ix":2},"nm":"Path 1","mn":"ADBE Vector Shape - Group","hd":false},{"ty":"fl","c":{"a":0,"k":[0.951659737381,0.773459879557,0.123237617343,1],"ix":4},"o":{"a":0,"k":100,"ix":5},"r":1,"bm":0,"nm":"Fill 1","mn":"ADBE Vector Graphic - Fill","hd":false},{"ty":"tr","p":{"a":0,"k":[529.337,417.938],"ix":2},"a":{"a":0,"k":[0,0],"ix":1},"s":{"a":0,"k":[100,100],"ix":3},"r":{"a":0,"k":0,"ix":6},"o":{"a":0,"k":100,"ix":7},"sk":{"a":0,"k":0,"ix":4},"sa":{"a":0,"k":0,"ix":5},"nm":"Transform"}],"nm":"Group 6","np":2,"cix":2,"bm":0,"ix":4,"mn":"ADBE Vector Group","hd":false},{"ty":"gr","it":[{"ind":0,"ty":"sh","ix":1,"ks":{"a":0,"k":{"i":[[0,0],[0,0],[51.761,52.279],[78.407,0],[51.761,-52.251],[0,-79.192],[0,0],[0,0],[0,0],[-73.474,74.21],[-111.6,0],[-73.473,-74.21],[0,-112.69],[0,0]],"o":[[0,0],[0,-79.192],[-51.761,-52.251],[-78.435,0],[-51.76,52.279],[0,0],[0,0],[0,0],[0,-112.69],[73.474,-74.21],[111.6,0],[73.475,74.21],[0,0],[0,0]],"v":[[285.392,417.688],[285.392,-8.073],[201.515,-211.606],[0,-296.324],[-201.515,-211.606],[-285.392,-8.073],[-285.392,417.688],[-405.553,417.688],[-405.553,-8.073],[-286.469,-297.412],[0,-417.688],[286.469,-297.412],[405.553,-8.073],[405.553,417.688]],"c":true},"ix":2},"nm":"Path 1","mn":"ADBE Vector Shape - Group","hd":false},{"ty":"fl","c":{"a":0,"k":[0.988625799441,0.825590485218,0.23790920482,1],"ix":4},"o":{"a":0,"k":100,"ix":5},"r":1,"bm":0,"nm":"Fill 1","mn":"ADBE Vector Graphic - Fill","hd":false},{"ty":"tr","p":{"a":0,"k":[529.337,417.938],"ix":2},"a":{"a":0,"k":[0,0],"ix":1},"s":{"a":0,"k":[100,100],"ix":3},"r":{"a":0,"k":0,"ix":6},"o":{"a":0,"k":100,"ix":7},"sk":{"a":0,"k":0,"ix":4},"sa":{"a":0,"k":0,"ix":5},"nm":"Transform"}],"nm":"Group 7","np":2,"cix":2,"bm":0,"ix":5,"mn":"ADBE Vector Group","hd":false}],"ip":0,"op":120.0000048877,"st":0,"bm":0},{"ddd":0,"ind":7,"ty":4,"nm":"<!-- Generator: Adobe Illustrat Outlines 4","parent":6,"sr":1,"ks":{"o":{"a":0,"k":100,"ix":11},"r":{"a":0,"k":0,"ix":10},"p":{"a":0,"k":[971.858,1034.637,0],"ix":2},"a":{"a":0,"k":[243.936,92.693,0],"ix":1},"s":{"a":0,"k":[-328,328,100],"ix":6}},"ao":0,"shapes":[{"ty":"gr","it":[{"ind":0,"ty":"sh","ix":1,"ks":{"a":1,"k":[{"i":{"x":0.667,"y":1},"o":{"x":0.333,"y":0},"t":0,"s":[{"i":[[16.117,-23.901],[31.179,-21.107],[20.167,-8.354],[-58.872,-13.311],[-12.527,-1.814],[-22.162,0.181],[-13.358,-4.432],[64.437,41.927]],"o":[[-33.339,-12.68],[-0.491,0.216],[-34.037,14.158],[10.398,2.363],[51.923,8.28],[10.279,9.698],[112.351,36.279],[-18.365,-13.78]],"v":[[12.876,-60.124],[-79.658,-40.507],[-118.695,-41.998],[-105.815,33.441],[-68.467,41.91],[10.605,40.714],[46.497,62.164],[100.249,-84.663]],"c":true}]},{"i":{"x":0.667,"y":1},"o":{"x":0.333,"y":0},"t":30,"s":[{"i":[[17.063,-30.384],[19.346,-27.251],[20.167,-8.354],[-57.103,-19.554],[-12.527,-1.814],[-17.542,2.653],[-13.358,-4.432],[64.437,41.927]],"o":[[-22.571,-25.964],[-0.491,0.216],[-34.037,14.158],[11.559,3.958],[48.398,6.672],[9.708,7.778],[131.441,26.828],[-22.811,-15.095]],"v":[[13.875,-58.624],[-69.908,-41.007],[-118.695,-41.998],[-105.815,33.441],[-69.209,44.57],[13.675,46.427],[54.622,68.914],[100.25,-79.913]],"c":true}]},{"i":{"x":0.667,"y":1},"o":{"x":0.333,"y":0},"t":60,"s":[{"i":[[16.117,-23.901],[31.179,-21.107],[20.167,-8.354],[-58.872,-13.311],[-12.527,-1.814],[-22.162,0.181],[-13.358,-4.432],[64.437,41.927]],"o":[[-33.339,-12.68],[-0.491,0.216],[-34.037,14.158],[10.398,2.363],[51.923,8.28],[10.279,9.698],[112.351,36.279],[-18.365,-13.78]],"v":[[12.876,-60.124],[-79.658,-40.507],[-118.695,-41.998],[-105.815,33.441],[-68.467,41.91],[10.605,40.714],[46.497,62.164],[100.249,-84.663]],"c":true}]},{"i":{"x":0.667,"y":1},"o":{"x":0.333,"y":0},"t":90,"s":[{"i":[[17.063,-30.384],[19.346,-27.251],[20.167,-8.354],[-57.103,-19.554],[-12.527,-1.814],[-17.542,2.653],[-13.358,-4.432],[64.437,41.927]],"o":[[-22.571,-25.964],[-0.491,0.216],[-34.037,14.158],[11.559,3.958],[48.398,6.672],[9.708,7.778],[131.441,26.828],[-22.811,-15.095]],"v":[[13.875,-58.624],[-69.908,-41.007],[-118.695,-41.998],[-105.815,33.441],[-69.209,44.57],[13.675,46.427],[54.622,68.914],[100.249,-79.913]],"c":true}]},{"t":120.0000048877,"s":[{"i":[[16.117,-23.901],[31.179,-21.107],[20.167,-8.354],[-58.872,-13.311],[-12.527,-1.814],[-22.162,0.181],[-13.358,-4.432],[64.437,41.927]],"o":[[-33.339,-12.68],[-0.491,0.216],[-34.037,14.158],[10.398,2.363],[51.923,8.28],[10.279,9.698],[112.351,36.279],[-18.365,-13.78]],"v":[[12.876,-60.124],[-79.658,-40.507],[-118.695,-41.998],[-105.815,33.441],[-68.467,41.91],[10.605,40.714],[46.497,62.164],[100.249,-84.663]],"c":true}]}],"ix":2},"nm":"Path 1","mn":"ADBE Vector Shape - Group","hd":false},{"ty":"fl","c":{"a":0,"k":[0.325490196078,0.733333333333,1,1],"ix":4},"o":{"a":0,"k":100,"ix":5},"r":1,"bm":0,"nm":"Fill 1","mn":"ADBE Vector Graphic - Fill","hd":false},{"ty":"tr","p":{"a":0,"k":[164.86,96.388],"ix":2},"a":{"a":0,"k":[0,0],"ix":1},"s":{"a":0,"k":[100,100],"ix":3},"r":{"a":0,"k":0,"ix":6},"o":{"a":0,"k":100,"ix":7},"sk":{"a":0,"k":0,"ix":4},"sa":{"a":0,"k":0,"ix":5},"nm":"Transform"}],"nm":"Group 1","np":2,"cix":2,"bm":0,"ix":1,"mn":"ADBE Vector Group","hd":false}],"ip":0,"op":120.0000048877,"st":0,"bm":0},{"ddd":0,"ind":8,"ty":4,"nm":"ï¿½ï¿½ï¿½ï¿½ 3 Outlines 4","parent":7,"sr":1,"ks":{"o":{"a":0,"k":100,"ix":11},"r":{"a":1,"k":[{"i":{"x":[0.667],"y":[1]},"o":{"x":[0.333],"y":[0]},"t":0,"s":[0]},{"i":{"x":[0.667],"y":[1]},"o":{"x":[0.333],"y":[0]},"t":30,"s":[16.776]},{"i":{"x":[0.667],"y":[1]},"o":{"x":[0.333],"y":[0]},"t":60,"s":[0]},{"i":{"x":[0.667],"y":[1]},"o":{"x":[0.333],"y":[0]},"t":90,"s":[16.776]},{"i":{"x":[0.667],"y":[1]},"o":{"x":[0.333],"y":[0]},"t":120,"s":[0]},{"i":{"x":[0.667],"y":[1]},"o":{"x":[0.333],"y":[0]},"t":150,"s":[16.776]},{"i":{"x":[0.667],"y":[1]},"o":{"x":[0.333],"y":[0]},"t":180,"s":[0]},{"i":{"x":[0.667],"y":[1]},"o":{"x":[0.333],"y":[0]},"t":210,"s":[16.776]},{"i":{"x":[0.667],"y":[1]},"o":{"x":[0.333],"y":[0]},"t":240,"s":[0]},{"i":{"x":[0.667],"y":[1]},"o":{"x":[0.333],"y":[0]},"t":270,"s":[16.776]},{"i":{"x":[0.667],"y":[1]},"o":{"x":[0.333],"y":[0]},"t":300,"s":[0]},{"i":{"x":[0.667],"y":[1]},"o":{"x":[0.333],"y":[0]},"t":330,"s":[16.776]},{"i":{"x":[0.667],"y":[1]},"o":{"x":[0.333],"y":[0]},"t":360,"s":[0]},{"i":{"x":[0.667],"y":[1]},"o":{"x":[0.333],"y":[0]},"t":390,"s":[16.776]},{"i":{"x":[0.667],"y":[1]},"o":{"x":[0.333],"y":[0]},"t":420,"s":[0]},{"i":{"x":[0.667],"y":[1]},"o":{"x":[0.333],"y":[0]},"t":450,"s":[16.776]},{"t":480.000019550801,"s":[0]}],"ix":10},"p":{"a":0,"k":[65.97,96.469,0],"ix":2},"a":{"a":0,"k":[73.172,207.702,0],"ix":1},"s":{"a":0,"k":[100,100,100],"ix":6}},"ao":0,"shapes":[{"ty":"gr","it":[{"ind":0,"ty":"sh","ix":1,"ks":{"a":1,"k":[{"i":{"x":0.667,"y":1},"o":{"x":0.333,"y":0},"t":0,"s":[{"i":[[1.948,11.29],[2.055,8.132],[2.58,9.939],[1.742,9.442],[0.053,10.383],[0.286,7.373],[2.408,1.626],[4.328,1.135],[4.182,-1.001],[2.174,-6.594],[0.905,-11.404],[1.901,-7.79],[2.946,-11.316],[2.38,-13.398],[0.087,-9.2],[-2.281,-8.059],[-1.836,-4.996],[-3.311,-4.277],[-3.558,-1.121],[-11.383,-0.986],[-12.247,-1.263],[21.072,22.613]],"o":[[-1.809,-8.542],[-2.061,-8.14],[-2.586,-9.946],[-1.736,-9.443],[-0.046,-10.375],[-0.292,-7.374],[-2.413,-1.632],[-4.329,-1.148],[-4.196,1.007],[-2.181,6.589],[-1.396,7.978],[-1.908,7.797],[-2.945,11.316],[-2.375,13.411],[-0.086,9.194],[2.293,8.045],[1.895,5.198],[1.569,2.002],[3.57,1.121],[8.006,0.699],[48.287,4.982],[-4.734,-5.084]],"v":[[24.323,32.635],[18.663,7.405],[11.695,-18.404],[4.521,-49.927],[2.107,-76.49],[2.294,-108.24],[-1.504,-117.999],[-11.969,-123.284],[-25.407,-123.183],[-35.221,-113.815],[-39.198,-84.433],[-43.891,-60.693],[-51.152,-33.971],[-59.949,5.753],[-63.687,40.157],[-60.387,64.012],[-50.062,91.701],[-43.206,108.885],[-35.753,114.145],[-15.999,116.354],[15.486,119.451],[35.872,54.972]],"c":true}]},{"i":{"x":0.667,"y":1},"o":{"x":0.333,"y":0},"t":30,"s":[{"i":[[1.948,11.29],[2.055,8.132],[2.58,9.939],[1.742,9.442],[0.053,10.383],[0.286,7.373],[2.408,1.626],[4.328,1.135],[4.182,-1.001],[3.632,-5.097],[2.868,-16.209],[1.075,-7.116],[2.435,-14.434],[2.38,-13.398],[0.087,-9.2],[-2.281,-8.059],[-3.591,-7.932],[-3.427,-4.646],[-3.558,-1.121],[-11.383,-0.986],[-12.296,0.617],[21.072,22.613]],"o":[[-1.809,-8.542],[-2.061,-8.14],[-2.586,-9.946],[-1.736,-9.443],[-0.046,-10.375],[-0.292,-7.374],[-2.413,-1.632],[-4.329,-1.148],[-4.196,1.007],[-4.079,5.725],[-1.396,7.978],[-1.49,9.865],[-1.945,11.53],[-2.375,13.411],[-0.086,9.194],[2.293,8.045],[2.282,5.04],[1.51,2.047],[3.57,1.121],[8.006,0.699],[59.266,-2.976],[-4.734,-5.084]],"v":[[24.323,32.635],[16.604,7.503],[9.663,-16.486],[-0.098,-48.796],[-2.512,-75.358],[0.92,-105.868],[-1.504,-117.999],[-11.969,-123.284],[-25.406,-123.183],[-36.621,-113.915],[-47.216,-86.129],[-50.983,-62.995],[-55.274,-36.384],[-62.175,6.163],[-65.444,42.122],[-62.145,65.977],[-53.73,92.741],[-44.32,109.091],[-36.866,114.35],[-15.999,116.354],[17.023,118.922],[35.872,54.972]],"c":true}]},{"i":{"x":0.667,"y":1},"o":{"x":0.333,"y":0},"t":60,"s":[{"i":[[1.948,11.29],[2.055,8.132],[2.58,9.939],[1.742,9.442],[0.053,10.383],[0.286,7.373],[2.408,1.626],[4.328,1.135],[4.182,-1.001],[2.174,-6.594],[0.905,-11.404],[1.901,-7.79],[2.946,-11.316],[2.38,-13.398],[0.087,-9.2],[-2.281,-8.059],[-1.836,-4.996],[-3.311,-4.277],[-3.558,-1.121],[-11.383,-0.986],[-12.247,-1.263],[21.072,22.613]],"o":[[-1.809,-8.542],[-2.061,-8.14],[-2.586,-9.946],[-1.736,-9.443],[-0.046,-10.375],[-0.292,-7.374],[-2.413,-1.632],[-4.329,-1.148],[-4.196,1.007],[-2.181,6.589],[-1.396,7.978],[-1.908,7.797],[-2.945,11.316],[-2.375,13.411],[-0.086,9.194],[2.293,8.045],[1.895,5.198],[1.569,2.002],[3.57,1.121],[8.006,0.699],[48.287,4.982],[-4.734,-5.084]],"v":[[24.323,32.635],[18.663,7.405],[11.695,-18.404],[4.521,-49.927],[2.107,-76.49],[2.294,-108.24],[-1.504,-117.999],[-11.969,-123.284],[-25.407,-123.183],[-35.221,-113.815],[-39.198,-84.433],[-43.891,-60.693],[-51.152,-33.971],[-59.949,5.753],[-63.687,40.157],[-60.387,64.012],[-50.062,91.701],[-43.206,108.885],[-35.753,114.145],[-15.999,116.354],[15.486,119.451],[35.872,54.972]],"c":true}]},{"i":{"x":0.833,"y":0.833},"o":{"x":0.333,"y":0},"t":90,"s":[{"i":[[1.948,11.29],[2.055,8.132],[2.58,9.939],[1.742,9.442],[0.053,10.383],[0.286,7.373],[2.408,1.626],[4.328,1.135],[4.182,-1.001],[3.632,-5.097],[2.868,-16.209],[1.075,-7.116],[2.435,-14.434],[2.38,-13.398],[0.087,-9.2],[-2.281,-8.059],[-3.591,-7.932],[-3.427,-4.646],[-3.558,-1.121],[-11.383,-0.986],[-12.296,0.617],[21.072,22.613]],"o":[[-1.809,-8.542],[-2.061,-8.14],[-2.586,-9.946],[-1.736,-9.443],[-0.046,-10.375],[-0.292,-7.374],[-2.413,-1.632],[-4.329,-1.148],[-4.196,1.007],[-4.079,5.725],[-1.396,7.978],[-1.49,9.865],[-1.945,11.53],[-2.375,13.411],[-0.086,9.194],[2.293,8.045],[2.282,5.04],[1.51,2.047],[3.57,1.121],[8.006,0.699],[59.266,-2.976],[-4.734,-5.084]],"v":[[24.323,32.635],[16.604,7.503],[9.663,-16.486],[-0.098,-48.796],[-2.512,-75.358],[0.92,-105.868],[-1.504,-117.999],[-11.969,-123.284],[-25.406,-123.183],[-36.621,-113.915],[-47.216,-86.129],[-50.983,-62.995],[-55.274,-36.384],[-62.175,6.163],[-65.444,42.122],[-62.145,65.977],[-53.73,92.741],[-44.32,109.091],[-36.866,114.35],[-15.999,116.354],[17.023,118.922],[35.872,54.972]],"c":true}]},{"i":{"x":0.667,"y":1},"o":{"x":0.167,"y":0.167},"t":120,"s":[{"i":[[1.948,11.29],[2.055,8.132],[2.58,9.939],[1.742,9.442],[0.053,10.383],[0.286,7.373],[2.408,1.626],[4.328,1.135],[4.182,-1.001],[2.174,-6.594],[0.905,-11.404],[1.901,-7.79],[2.946,-11.316],[2.38,-13.398],[0.087,-9.2],[-2.281,-8.059],[-1.836,-4.996],[-3.311,-4.277],[-3.558,-1.121],[-11.383,-0.986],[-12.247,-1.263],[21.072,22.613]],"o":[[-1.809,-8.542],[-2.061,-8.14],[-2.586,-9.946],[-1.736,-9.443],[-0.046,-10.375],[-0.292,-7.374],[-2.413,-1.632],[-4.329,-1.148],[-4.196,1.007],[-2.181,6.589],[-1.396,7.978],[-1.908,7.797],[-2.945,11.316],[-2.375,13.411],[-0.086,9.194],[2.293,8.045],[1.895,5.198],[1.569,2.002],[3.57,1.121],[8.006,0.699],[48.287,4.982],[-4.734,-5.084]],"v":[[24.323,32.635],[18.663,7.405],[11.695,-18.404],[4.521,-49.927],[2.107,-76.49],[2.294,-108.24],[-1.504,-117.999],[-11.969,-123.284],[-25.407,-123.183],[-35.221,-113.815],[-39.198,-84.433],[-43.891,-60.693],[-51.152,-33.971],[-59.949,5.753],[-63.687,40.157],[-60.387,64.012],[-50.062,91.701],[-43.206,108.885],[-35.753,114.145],[-15.999,116.354],[15.486,119.451],[35.872,54.972]],"c":true}]},{"i":{"x":0.667,"y":1},"o":{"x":0.333,"y":0},"t":150,"s":[{"i":[[1.948,11.29],[2.055,8.132],[2.58,9.939],[1.742,9.442],[0.053,10.383],[0.286,7.373],[2.408,1.626],[4.328,1.135],[4.182,-1.001],[3.632,-5.097],[2.868,-16.209],[1.075,-7.116],[2.435,-14.434],[2.38,-13.398],[0.087,-9.2],[-2.281,-8.059],[-3.591,-7.932],[-3.427,-4.646],[-3.558,-1.121],[-11.383,-0.986],[-12.296,0.617],[21.072,22.613]],"o":[[-1.809,-8.542],[-2.061,-8.14],[-2.586,-9.946],[-1.736,-9.443],[-0.046,-10.375],[-0.292,-7.374],[-2.413,-1.632],[-4.329,-1.148],[-4.196,1.007],[-4.079,5.725],[-1.396,7.978],[-1.49,9.865],[-1.945,11.53],[-2.375,13.411],[-0.086,9.194],[2.293,8.045],[2.282,5.04],[1.51,2.047],[3.57,1.121],[8.006,0.699],[59.266,-2.976],[-4.734,-5.084]],"v":[[24.323,32.635],[16.604,7.503],[9.663,-16.486],[-0.098,-48.796],[-2.512,-75.358],[0.92,-105.868],[-1.504,-117.999],[-11.969,-123.284],[-25.406,-123.183],[-36.621,-113.915],[-47.216,-86.129],[-50.983,-62.995],[-55.274,-36.384],[-62.175,6.163],[-65.444,42.122],[-62.145,65.977],[-53.73,92.741],[-44.32,109.091],[-36.866,114.35],[-15.999,116.354],[17.023,118.922],[35.872,54.972]],"c":true}]},{"i":{"x":0.667,"y":1},"o":{"x":0.333,"y":0},"t":180,"s":[{"i":[[1.948,11.29],[2.055,8.132],[2.58,9.939],[1.742,9.442],[0.053,10.383],[0.286,7.373],[2.408,1.626],[4.328,1.135],[4.182,-1.001],[2.174,-6.594],[0.905,-11.404],[1.901,-7.79],[2.946,-11.316],[2.38,-13.398],[0.087,-9.2],[-2.281,-8.059],[-1.836,-4.996],[-3.311,-4.277],[-3.558,-1.121],[-11.383,-0.986],[-12.247,-1.263],[21.072,22.613]],"o":[[-1.809,-8.542],[-2.061,-8.14],[-2.586,-9.946],[-1.736,-9.443],[-0.046,-10.375],[-0.292,-7.374],[-2.413,-1.632],[-4.329,-1.148],[-4.196,1.007],[-2.181,6.589],[-1.396,7.978],[-1.908,7.797],[-2.945,11.316],[-2.375,13.411],[-0.086,9.194],[2.293,8.045],[1.895,5.198],[1.569,2.002],[3.57,1.121],[8.006,0.699],[48.287,4.982],[-4.734,-5.084]],"v":[[24.323,32.635],[18.663,7.405],[11.695,-18.404],[4.521,-49.927],[2.107,-76.49],[2.294,-108.24],[-1.504,-117.999],[-11.969,-123.284],[-25.407,-123.183],[-35.221,-113.815],[-39.198,-84.433],[-43.891,-60.693],[-51.152,-33.971],[-59.949,5.753],[-63.687,40.157],[-60.387,64.012],[-50.062,91.701],[-43.206,108.885],[-35.753,114.145],[-15.999,116.354],[15.486,119.451],[35.872,54.972]],"c":true}]},{"i":{"x":0.833,"y":0.833},"o":{"x":0.333,"y":0},"t":210,"s":[{"i":[[1.948,11.29],[2.055,8.132],[2.58,9.939],[1.742,9.442],[0.053,10.383],[0.286,7.373],[2.408,1.626],[4.328,1.135],[4.182,-1.001],[3.632,-5.097],[2.868,-16.209],[1.075,-7.116],[2.435,-14.434],[2.38,-13.398],[0.087,-9.2],[-2.281,-8.059],[-3.591,-7.932],[-3.427,-4.646],[-3.558,-1.121],[-11.383,-0.986],[-12.296,0.617],[21.072,22.613]],"o":[[-1.809,-8.542],[-2.061,-8.14],[-2.586,-9.946],[-1.736,-9.443],[-0.046,-10.375],[-0.292,-7.374],[-2.413,-1.632],[-4.329,-1.148],[-4.196,1.007],[-4.079,5.725],[-1.396,7.978],[-1.49,9.865],[-1.945,11.53],[-2.375,13.411],[-0.086,9.194],[2.293,8.045],[2.282,5.04],[1.51,2.047],[3.57,1.121],[8.006,0.699],[59.266,-2.976],[-4.734,-5.084]],"v":[[24.323,32.635],[16.604,7.503],[9.663,-16.486],[-0.098,-48.796],[-2.512,-75.358],[0.92,-105.868],[-1.504,-117.999],[-11.969,-123.284],[-25.406,-123.183],[-36.621,-113.915],[-47.216,-86.129],[-50.983,-62.995],[-55.274,-36.384],[-62.175,6.163],[-65.444,42.122],[-62.145,65.977],[-53.73,92.741],[-44.32,109.091],[-36.866,114.35],[-15.999,116.354],[17.023,118.922],[35.872,54.972]],"c":true}]},{"i":{"x":0.667,"y":1},"o":{"x":0.167,"y":0.167},"t":240,"s":[{"i":[[1.948,11.29],[2.055,8.132],[2.58,9.939],[1.742,9.442],[0.053,10.383],[0.286,7.373],[2.408,1.626],[4.328,1.135],[4.182,-1.001],[2.174,-6.594],[0.905,-11.404],[1.901,-7.79],[2.946,-11.316],[2.38,-13.398],[0.087,-9.2],[-2.281,-8.059],[-1.836,-4.996],[-3.311,-4.277],[-3.558,-1.121],[-11.383,-0.986],[-12.247,-1.263],[21.072,22.613]],"o":[[-1.809,-8.542],[-2.061,-8.14],[-2.586,-9.946],[-1.736,-9.443],[-0.046,-10.375],[-0.292,-7.374],[-2.413,-1.632],[-4.329,-1.148],[-4.196,1.007],[-2.181,6.589],[-1.396,7.978],[-1.908,7.797],[-2.945,11.316],[-2.375,13.411],[-0.086,9.194],[2.293,8.045],[1.895,5.198],[1.569,2.002],[3.57,1.121],[8.006,0.699],[48.287,4.982],[-4.734,-5.084]],"v":[[24.323,32.635],[18.663,7.405],[11.695,-18.404],[4.521,-49.927],[2.107,-76.49],[2.294,-108.24],[-1.504,-117.999],[-11.969,-123.284],[-25.407,-123.183],[-35.221,-113.815],[-39.198,-84.433],[-43.891,-60.693],[-51.152,-33.971],[-59.949,5.753],[-63.687,40.157],[-60.387,64.012],[-50.062,91.701],[-43.206,108.885],[-35.753,114.145],[-15.999,116.354],[15.486,119.451],[35.872,54.972]],"c":true}]},{"i":{"x":0.667,"y":1},"o":{"x":0.333,"y":0},"t":270,"s":[{"i":[[1.948,11.29],[2.055,8.132],[2.58,9.939],[1.742,9.442],[0.053,10.383],[0.286,7.373],[2.408,1.626],[4.328,1.135],[4.182,-1.001],[3.632,-5.097],[2.868,-16.209],[1.075,-7.116],[2.435,-14.434],[2.38,-13.398],[0.087,-9.2],[-2.281,-8.059],[-3.591,-7.932],[-3.427,-4.646],[-3.558,-1.121],[-11.383,-0.986],[-12.296,0.617],[21.072,22.613]],"o":[[-1.809,-8.542],[-2.061,-8.14],[-2.586,-9.946],[-1.736,-9.443],[-0.046,-10.375],[-0.292,-7.374],[-2.413,-1.632],[-4.329,-1.148],[-4.196,1.007],[-4.079,5.725],[-1.396,7.978],[-1.49,9.865],[-1.945,11.53],[-2.375,13.411],[-0.086,9.194],[2.293,8.045],[2.282,5.04],[1.51,2.047],[3.57,1.121],[8.006,0.699],[59.266,-2.976],[-4.734,-5.084]],"v":[[24.323,32.635],[16.604,7.503],[9.663,-16.486],[-0.098,-48.796],[-2.512,-75.358],[0.92,-105.868],[-1.504,-117.999],[-11.969,-123.284],[-25.406,-123.183],[-36.621,-113.915],[-47.216,-86.129],[-50.983,-62.995],[-55.274,-36.384],[-62.175,6.163],[-65.444,42.122],[-62.145,65.977],[-53.73,92.741],[-44.32,109.091],[-36.866,114.35],[-15.999,116.354],[17.023,118.922],[35.872,54.972]],"c":true}]},{"i":{"x":0.667,"y":1},"o":{"x":0.333,"y":0},"t":300,"s":[{"i":[[1.948,11.29],[2.055,8.132],[2.58,9.939],[1.742,9.442],[0.053,10.383],[0.286,7.373],[2.408,1.626],[4.328,1.135],[4.182,-1.001],[2.174,-6.594],[0.905,-11.404],[1.901,-7.79],[2.946,-11.316],[2.38,-13.398],[0.087,-9.2],[-2.281,-8.059],[-1.836,-4.996],[-3.311,-4.277],[-3.558,-1.121],[-11.383,-0.986],[-12.247,-1.263],[21.072,22.613]],"o":[[-1.809,-8.542],[-2.061,-8.14],[-2.586,-9.946],[-1.736,-9.443],[-0.046,-10.375],[-0.292,-7.374],[-2.413,-1.632],[-4.329,-1.148],[-4.196,1.007],[-2.181,6.589],[-1.396,7.978],[-1.908,7.797],[-2.945,11.316],[-2.375,13.411],[-0.086,9.194],[2.293,8.045],[1.895,5.198],[1.569,2.002],[3.57,1.121],[8.006,0.699],[48.287,4.982],[-4.734,-5.084]],"v":[[24.323,32.635],[18.663,7.405],[11.695,-18.404],[4.521,-49.927],[2.107,-76.49],[2.294,-108.24],[-1.504,-117.999],[-11.969,-123.284],[-25.407,-123.183],[-35.221,-113.815],[-39.198,-84.433],[-43.891,-60.693],[-51.152,-33.971],[-59.949,5.753],[-63.687,40.157],[-60.387,64.012],[-50.062,91.701],[-43.206,108.885],[-35.753,114.145],[-15.999,116.354],[15.486,119.451],[35.872,54.972]],"c":true}]},{"i":{"x":0.833,"y":0.833},"o":{"x":0.333,"y":0},"t":330,"s":[{"i":[[1.948,11.29],[2.055,8.132],[2.58,9.939],[1.742,9.442],[0.053,10.383],[0.286,7.373],[2.408,1.626],[4.328,1.135],[4.182,-1.001],[3.632,-5.097],[2.868,-16.209],[1.075,-7.116],[2.435,-14.434],[2.38,-13.398],[0.087,-9.2],[-2.281,-8.059],[-3.591,-7.932],[-3.427,-4.646],[-3.558,-1.121],[-11.383,-0.986],[-12.296,0.617],[21.072,22.613]],"o":[[-1.809,-8.542],[-2.061,-8.14],[-2.586,-9.946],[-1.736,-9.443],[-0.046,-10.375],[-0.292,-7.374],[-2.413,-1.632],[-4.329,-1.148],[-4.196,1.007],[-4.079,5.725],[-1.396,7.978],[-1.49,9.865],[-1.945,11.53],[-2.375,13.411],[-0.086,9.194],[2.293,8.045],[2.282,5.04],[1.51,2.047],[3.57,1.121],[8.006,0.699],[59.266,-2.976],[-4.734,-5.084]],"v":[[24.323,32.635],[16.604,7.503],[9.663,-16.486],[-0.098,-48.796],[-2.512,-75.358],[0.92,-105.868],[-1.504,-117.999],[-11.969,-123.284],[-25.406,-123.183],[-36.621,-113.915],[-47.216,-86.129],[-50.983,-62.995],[-55.274,-36.384],[-62.175,6.163],[-65.444,42.122],[-62.145,65.977],[-53.73,92.741],[-44.32,109.091],[-36.866,114.35],[-15.999,116.354],[17.023,118.922],[35.872,54.972]],"c":true}]},{"i":{"x":0.667,"y":1},"o":{"x":0.167,"y":0.167},"t":360,"s":[{"i":[[1.948,11.29],[2.055,8.132],[2.58,9.939],[1.742,9.442],[0.053,10.383],[0.286,7.373],[2.408,1.626],[4.328,1.135],[4.182,-1.001],[2.174,-6.594],[0.905,-11.404],[1.901,-7.79],[2.946,-11.316],[2.38,-13.398],[0.087,-9.2],[-2.281,-8.059],[-1.836,-4.996],[-3.311,-4.277],[-3.558,-1.121],[-11.383,-0.986],[-12.247,-1.263],[21.072,22.613]],"o":[[-1.809,-8.542],[-2.061,-8.14],[-2.586,-9.946],[-1.736,-9.443],[-0.046,-10.375],[-0.292,-7.374],[-2.413,-1.632],[-4.329,-1.148],[-4.196,1.007],[-2.181,6.589],[-1.396,7.978],[-1.908,7.797],[-2.945,11.316],[-2.375,13.411],[-0.086,9.194],[2.293,8.045],[1.895,5.198],[1.569,2.002],[3.57,1.121],[8.006,0.699],[48.287,4.982],[-4.734,-5.084]],"v":[[24.323,32.635],[18.663,7.405],[11.695,-18.404],[4.521,-49.927],[2.107,-76.49],[2.294,-108.24],[-1.504,-117.999],[-11.969,-123.284],[-25.407,-123.183],[-35.221,-113.815],[-39.198,-84.433],[-43.891,-60.693],[-51.152,-33.971],[-59.949,5.753],[-63.687,40.157],[-60.387,64.012],[-50.062,91.701],[-43.206,108.885],[-35.753,114.145],[-15.999,116.354],[15.486,119.451],[35.872,54.972]],"c":true}]},{"i":{"x":0.667,"y":1},"o":{"x":0.333,"y":0},"t":390,"s":[{"i":[[1.948,11.29],[2.055,8.132],[2.58,9.939],[1.742,9.442],[0.053,10.383],[0.286,7.373],[2.408,1.626],[4.328,1.135],[4.182,-1.001],[3.632,-5.097],[2.868,-16.209],[1.075,-7.116],[2.435,-14.434],[2.38,-13.398],[0.087,-9.2],[-2.281,-8.059],[-3.591,-7.932],[-3.427,-4.646],[-3.558,-1.121],[-11.383,-0.986],[-12.296,0.617],[21.072,22.613]],"o":[[-1.809,-8.542],[-2.061,-8.14],[-2.586,-9.946],[-1.736,-9.443],[-0.046,-10.375],[-0.292,-7.374],[-2.413,-1.632],[-4.329,-1.148],[-4.196,1.007],[-4.079,5.725],[-1.396,7.978],[-1.49,9.865],[-1.945,11.53],[-2.375,13.411],[-0.086,9.194],[2.293,8.045],[2.282,5.04],[1.51,2.047],[3.57,1.121],[8.006,0.699],[59.266,-2.976],[-4.734,-5.084]],"v":[[24.323,32.635],[16.604,7.503],[9.663,-16.486],[-0.098,-48.796],[-2.512,-75.358],[0.92,-105.868],[-1.504,-117.999],[-11.969,-123.284],[-25.406,-123.183],[-36.621,-113.915],[-47.216,-86.129],[-50.983,-62.995],[-55.274,-36.384],[-62.175,6.163],[-65.444,42.122],[-62.145,65.977],[-53.73,92.741],[-44.32,109.091],[-36.866,114.35],[-15.999,116.354],[17.023,118.922],[35.872,54.972]],"c":true}]},{"i":{"x":0.667,"y":1},"o":{"x":0.333,"y":0},"t":420,"s":[{"i":[[1.948,11.29],[2.055,8.132],[2.58,9.939],[1.742,9.442],[0.053,10.383],[0.286,7.373],[2.408,1.626],[4.328,1.135],[4.182,-1.001],[2.174,-6.594],[0.905,-11.404],[1.901,-7.79],[2.946,-11.316],[2.38,-13.398],[0.087,-9.2],[-2.281,-8.059],[-1.836,-4.996],[-3.311,-4.277],[-3.558,-1.121],[-11.383,-0.986],[-12.247,-1.263],[21.072,22.613]],"o":[[-1.809,-8.542],[-2.061,-8.14],[-2.586,-9.946],[-1.736,-9.443],[-0.046,-10.375],[-0.292,-7.374],[-2.413,-1.632],[-4.329,-1.148],[-4.196,1.007],[-2.181,6.589],[-1.396,7.978],[-1.908,7.797],[-2.945,11.316],[-2.375,13.411],[-0.086,9.194],[2.293,8.045],[1.895,5.198],[1.569,2.002],[3.57,1.121],[8.006,0.699],[48.287,4.982],[-4.734,-5.084]],"v":[[24.323,32.635],[18.663,7.405],[11.695,-18.404],[4.521,-49.927],[2.107,-76.49],[2.294,-108.24],[-1.504,-117.999],[-11.969,-123.284],[-25.407,-123.183],[-35.221,-113.815],[-39.198,-84.433],[-43.891,-60.693],[-51.152,-33.971],[-59.949,5.753],[-63.687,40.157],[-60.387,64.012],[-50.062,91.701],[-43.206,108.885],[-35.753,114.145],[-15.999,116.354],[15.486,119.451],[35.872,54.972]],"c":true}]},{"i":{"x":0.833,"y":0.833},"o":{"x":0.333,"y":0},"t":450,"s":[{"i":[[1.948,11.29],[2.055,8.132],[2.58,9.939],[1.742,9.442],[0.053,10.383],[0.286,7.373],[2.408,1.626],[4.328,1.135],[4.182,-1.001],[3.632,-5.097],[2.868,-16.209],[1.075,-7.116],[2.435,-14.434],[2.38,-13.398],[0.087,-9.2],[-2.281,-8.059],[-3.591,-7.932],[-3.427,-4.646],[-3.558,-1.121],[-11.383,-0.986],[-12.296,0.617],[21.072,22.613]],"o":[[-1.809,-8.542],[-2.061,-8.14],[-2.586,-9.946],[-1.736,-9.443],[-0.046,-10.375],[-0.292,-7.374],[-2.413,-1.632],[-4.329,-1.148],[-4.196,1.007],[-4.079,5.725],[-1.396,7.978],[-1.49,9.865],[-1.945,11.53],[-2.375,13.411],[-0.086,9.194],[2.293,8.045],[2.282,5.04],[1.51,2.047],[3.57,1.121],[8.006,0.699],[59.266,-2.976],[-4.734,-5.084]],"v":[[24.323,32.635],[16.604,7.503],[9.663,-16.486],[-0.098,-48.796],[-2.512,-75.358],[0.92,-105.868],[-1.504,-117.999],[-11.969,-123.284],[-25.406,-123.183],[-36.621,-113.915],[-47.216,-86.129],[-50.983,-62.995],[-55.274,-36.384],[-62.175,6.163],[-65.444,42.122],[-62.145,65.977],[-53.73,92.741],[-44.32,109.091],[-36.866,114.35],[-15.999,116.354],[17.023,118.922],[35.872,54.972]],"c":true}]},{"t":480.000019550801,"s":[{"i":[[1.948,11.29],[2.055,8.132],[2.58,9.939],[1.742,9.442],[0.053,10.383],[0.286,7.373],[2.408,1.626],[4.328,1.135],[4.182,-1.001],[2.174,-6.594],[0.905,-11.404],[1.901,-7.79],[2.946,-11.316],[2.38,-13.398],[0.087,-9.2],[-2.281,-8.059],[-1.836,-4.996],[-3.311,-4.277],[-3.558,-1.121],[-11.383,-0.986],[-12.247,-1.263],[21.072,22.613]],"o":[[-1.809,-8.542],[-2.061,-8.14],[-2.586,-9.946],[-1.736,-9.443],[-0.046,-10.375],[-0.292,-7.374],[-2.413,-1.632],[-4.329,-1.148],[-4.196,1.007],[-2.181,6.589],[-1.396,7.978],[-1.908,7.797],[-2.945,11.316],[-2.375,13.411],[-0.086,9.194],[2.293,8.045],[1.895,5.198],[1.569,2.002],[3.57,1.121],[8.006,0.699],[48.287,4.982],[-4.734,-5.084]],"v":[[24.323,32.635],[18.663,7.405],[11.695,-18.404],[4.521,-49.927],[2.107,-76.49],[2.294,-108.24],[-1.504,-117.999],[-11.969,-123.284],[-25.407,-123.183],[-35.221,-113.815],[-39.198,-84.433],[-43.891,-60.693],[-51.152,-33.971],[-59.949,5.753],[-63.687,40.157],[-60.387,64.012],[-50.062,91.701],[-43.206,108.885],[-35.753,114.145],[-15.999,116.354],[15.486,119.451],[35.872,54.972]],"c":true}]}],"ix":2},"nm":"Path 1","mn":"ADBE Vector Shape - Group","hd":false},{"ty":"fl","c":{"a":0,"k":[0.325490196078,0.733333333333,1,1],"ix":4},"o":{"a":0,"k":100,"ix":5},"r":1,"bm":0,"nm":"Fill 1","mn":"ADBE Vector Graphic - Fill","hd":false},{"ty":"tr","p":{"a":0,"k":[64.668,124.227],"ix":2},"a":{"a":0,"k":[0,0],"ix":1},"s":{"a":0,"k":[100,100],"ix":3},"r":{"a":0,"k":0,"ix":6},"o":{"a":0,"k":100,"ix":7},"sk":{"a":0,"k":0,"ix":4},"sa":{"a":0,"k":0,"ix":5},"nm":"Transform"}],"nm":"Group 1","np":2,"cix":2,"bm":0,"ix":1,"mn":"ADBE Vector Group","hd":false}],"ip":0,"op":120.0000048877,"st":0,"bm":0},{"ddd":0,"ind":9,"ty":4,"nm":"ï¿½ï¿½ï¿½ï¿½ 2 Outlines 4","parent":8,"sr":1,"ks":{"o":{"a":0,"k":100,"ix":11},"r":{"a":1,"k":[{"i":{"x":[0.667],"y":[1]},"o":{"x":[0.333],"y":[0]},"t":0,"s":[0]},{"i":{"x":[0.667],"y":[1]},"o":{"x":[0.333],"y":[0]},"t":30,"s":[20.111]},{"i":{"x":[0.667],"y":[1]},"o":{"x":[0.333],"y":[0]},"t":60,"s":[0]},{"i":{"x":[0.667],"y":[1]},"o":{"x":[0.333],"y":[0]},"t":90,"s":[20.111]},{"i":{"x":[0.667],"y":[1]},"o":{"x":[0.333],"y":[0]},"t":120,"s":[0]},{"i":{"x":[0.667],"y":[1]},"o":{"x":[0.333],"y":[0]},"t":150,"s":[20.111]},{"i":{"x":[0.667],"y":[1]},"o":{"x":[0.333],"y":[0]},"t":180,"s":[0]},{"i":{"x":[0.667],"y":[1]},"o":{"x":[0.333],"y":[0]},"t":210,"s":[20.111]},{"i":{"x":[0.667],"y":[1]},"o":{"x":[0.333],"y":[0]},"t":240,"s":[0]},{"i":{"x":[0.667],"y":[1]},"o":{"x":[0.333],"y":[0]},"t":270,"s":[20.111]},{"i":{"x":[0.667],"y":[1]},"o":{"x":[0.333],"y":[0]},"t":300,"s":[0]},{"i":{"x":[0.667],"y":[1]},"o":{"x":[0.333],"y":[0]},"t":330,"s":[20.111]},{"i":{"x":[0.667],"y":[1]},"o":{"x":[0.333],"y":[0]},"t":360,"s":[0]},{"i":{"x":[0.667],"y":[1]},"o":{"x":[0.333],"y":[0]},"t":390,"s":[20.111]},{"i":{"x":[0.667],"y":[1]},"o":{"x":[0.333],"y":[0]},"t":420,"s":[0]},{"i":{"x":[0.667],"y":[1]},"o":{"x":[0.333],"y":[0]},"t":450,"s":[20.111]},{"t":480.000019550801,"s":[0]}],"ix":10},"p":{"a":0,"k":[47.609,19.9,0],"ix":2},"a":{"a":0,"k":[20.051,79.151,0],"ix":1},"s":{"a":0,"k":[100,100,100],"ix":6}},"ao":0,"shapes":[{"ty":"gr","it":[{"ind":0,"ty":"sh","ix":1,"ks":{"a":0,"k":{"i":[[1.336,-1.034],[4.375,-4.385],[6.735,-8.369],[5.166,-7.73],[-0.831,-4.184],[-9.821,1.323],[-5.357,6.442],[0.745,7.018],[-1.151,-1.128],[-3.038,-1.699],[-1.981,1.001],[-0.199,2.458],[2.068,3.687],[4.156,4.452],[2.906,2.33],[-0.538,-0.336],[-4.155,-4.459],[-2.081,-3.686],[0,0],[-1.204,0.571],[0.04,2.385],[2.62,3.908],[4.881,4.459],[3.717,2.485],[-0.851,-0.457],[-4.873,-4.473],[-2.634,-3.908],[0,0],[0.007,-0.007],[-0.845,2.062],[0.492,-0.967],[-2.141,0.531],[-1.064,1.202],[0.113,1.558],[1.004,1.269],[2.121,0.873],[0.798,0.248],[1.051,-0.753],[0.958,-0.436],[1.151,1.478],[3.384,3.278],[4.282,3.049],[0.798,0.524],[-4.056,-3.009],[-3.318,-3.344],[-1.037,-1.142],[0,0],[-0.871,1.39],[2.42,3.734],[4.521,3.7],[4.581,2.304],[3.823,-0.497]],"o":[[-4.089,2.988],[-4.388,4.386],[-6.723,8.367],[-5.18,7.73],[2.141,10.738],[7.627,-1.021],[2.692,-3.237],[1.177,1.114],[3.643,3.566],[3.046,1.686],[1.982,-1.007],[0.186,-2.445],[-2.074,-3.687],[-2.72,-2.922],[0.499,0.255],[3.903,2.405],[4.156,4.445],[0,0],[2.135,0.128],[2.413,-1.155],[-0.04,-2.404],[-2.626,-3.922],[-3.384,-3.103],[0.791,0.362],[4.92,2.686],[4.881,4.466],[0,0],[-0.006,0.006],[2.407,-0.786],[-0.293,0.988],[2.361,-0.376],[2.194,-0.537],[1.071,-1.209],[-0.113,-1.565],[-1.023,-1.269],[-0.704,-0.288],[-0.539,0.819],[-0.711,0.517],[-0.651,-1.282],[-1.895,-2.418],[-3.385,-3.27],[-0.798,-0.564],[3.664,1.525],[4.202,3.129],[1.243,1.249],[0,0],[1.331,-0.618],[1.204,-1.948],[-2.427,-3.741],[-4.515,-3.694],[-4.575,-2.303],[-1.968,0.262]],"v":[[1.715,-42.541],[-10.839,-32.179],[-26.644,-13.609],[-47.323,13.421],[-53.234,29.855],[-28.705,43.844],[-6.999,33.763],[-3.186,17.787],[0.319,21.171],[10.345,29.821],[18.118,30.506],[21.536,25.04],[18.81,16.021],[9.268,3.395],[0.551,-4.758],[2.107,-3.872],[15.179,7.411],[24.721,20.036],[24.78,20.15],[29.582,19.21],[33.345,14.173],[29.229,4.557],[17.945,-8.351],[6.941,-17.001],[9.401,-15.772],[25.166,-4.214],[36.457,8.693],[36.47,8.714],[36.451,8.727],[41.55,4.234],[40.479,7.169],[47.594,6.027],[52.535,3.462],[53.951,-0.903],[52.155,-5.262],[47.647,-8.412],[45.36,-9.224],[43.039,-6.853],[40.52,-5.41],[37.846,-9.439],[29.914,-18.096],[18.132,-27.988],[15.738,-29.62],[27.667,-22.568],[39.223,-12.421],[42.653,-8.814],[42.653,-8.808],[46.344,-11.675],[45.121,-20.352],[33.326,-32.259],[20.04,-41.185],[6.682,-44.67]],"c":true},"ix":2},"nm":"Path 1","mn":"ADBE Vector Shape - Group","hd":false},{"ty":"fl","c":{"a":0,"k":[0.325490196078,0.733333333333,1,1],"ix":4},"o":{"a":0,"k":100,"ix":5},"r":1,"bm":0,"nm":"Fill 1","mn":"ADBE Vector Graphic - Fill","hd":false},{"ty":"tr","p":{"a":0,"k":[54.314,45.417],"ix":2},"a":{"a":0,"k":[0,0],"ix":1},"s":{"a":0,"k":[100,100],"ix":3},"r":{"a":0,"k":0,"ix":6},"o":{"a":0,"k":100,"ix":7},"sk":{"a":0,"k":0,"ix":4},"sa":{"a":0,"k":0,"ix":5},"nm":"Transform"}],"nm":"Group 1","np":2,"cix":2,"bm":0,"ix":1,"mn":"ADBE Vector Group","hd":false},{"ty":"gr","it":[{"ind":0,"ty":"sh","ix":1,"ks":{"a":0,"k":{"i":[[-5.878,-5.614],[2.626,-1.887],[3.916,0.06],[-0.525,-0.497],[-2.467,-2.344],[2.639,-1.9],[3.252,-0.322],[-1.044,-1.175],[2.852,-1.578],[1.424,-0.464],[0.519,-1.189],[2.56,-0.511],[3.053,0.974],[1.795,1.41],[-15.978,18.012]],"o":[[-0.625,2.129],[-2.281,1.646],[0.472,0.443],[2.042,1.921],[-0.625,2.129],[-1.915,1.383],[1.018,1.129],[-1.078,2.082],[-2.56,1.417],[-2.008,0.658],[-1.37,3.143],[-3.338,0.644],[-3.051,-0.981],[-25.633,-20.14],[5.958,-6.716]],"v":[[40.56,-9.661],[36.684,-3.516],[26.717,-0.459],[28.219,0.951],[35.194,7.573],[31.305,13.731],[23.139,16.698],[26.245,20.185],[21.238,25.919],[15.386,28.815],[13.684,31.635],[2.407,37.398],[-7.647,36.94],[-14.927,32.723],[3.83,-31.326]],"c":true},"ix":2},"nm":"Path 1","mn":"ADBE Vector Shape - Group","hd":false},{"ty":"fl","c":{"a":0,"k":[0.152941176471,0.643137254902,0.972549079446,1],"ix":4},"o":{"a":0,"k":100,"ix":5},"r":1,"bm":0,"nm":"Fill 1","mn":"ADBE Vector Graphic - Fill","hd":false},{"ty":"tr","p":{"a":0,"k":[60.671,42.079],"ix":2},"a":{"a":0,"k":[0,0],"ix":1},"s":{"a":0,"k":[100,100],"ix":3},"r":{"a":0,"k":0,"ix":6},"o":{"a":0,"k":100,"ix":7},"sk":{"a":0,"k":0,"ix":4},"sa":{"a":0,"k":0,"ix":5},"nm":"Transform"}],"nm":"Group 2","np":2,"cix":2,"bm":0,"ix":2,"mn":"ADBE Vector Group","hd":false}],"ip":0,"op":120.0000048877,"st":0,"bm":0},{"ddd":0,"ind":10,"ty":4,"nm":"<!-- Generator: Adobe Illustrat Outlines 3","parent":6,"sr":1,"ks":{"o":{"a":0,"k":100,"ix":11},"r":{"a":0,"k":0,"ix":10},"p":{"a":0,"k":[87.142,1034.637,0],"ix":2},"a":{"a":0,"k":[243.936,92.693,0],"ix":1},"s":{"a":0,"k":[328,328,100],"ix":6}},"ao":0,"shapes":[{"ty":"gr","it":[{"ind":0,"ty":"sh","ix":1,"ks":{"a":1,"k":[{"i":{"x":0.667,"y":1},"o":{"x":0.333,"y":0},"t":0,"s":[{"i":[[16.117,-23.901],[31.179,-21.107],[20.167,-8.354],[-58.872,-13.311],[-12.527,-1.814],[-22.162,0.181],[-13.358,-4.432],[64.437,41.927]],"o":[[-33.339,-12.68],[-0.491,0.216],[-34.037,14.158],[10.398,2.363],[51.923,8.28],[10.279,9.698],[112.351,36.279],[-18.365,-13.78]],"v":[[12.876,-60.124],[-79.658,-40.507],[-118.695,-41.998],[-105.815,33.441],[-68.467,41.91],[10.605,40.714],[46.497,62.164],[100.249,-84.663]],"c":true}]},{"i":{"x":0.667,"y":1},"o":{"x":0.333,"y":0},"t":30,"s":[{"i":[[17.063,-30.384],[19.346,-27.251],[20.167,-8.354],[-57.103,-19.554],[-12.527,-1.814],[-17.542,2.653],[-13.358,-4.432],[64.437,41.927]],"o":[[-22.571,-25.964],[-0.491,0.216],[-34.037,14.158],[11.559,3.958],[48.398,6.672],[9.708,7.778],[131.441,26.828],[-22.811,-15.095]],"v":[[13.875,-58.624],[-69.908,-41.007],[-118.695,-41.998],[-105.815,33.441],[-69.209,44.57],[12.608,47.19],[54.622,68.914],[100.25,-79.913]],"c":true}]},{"i":{"x":0.667,"y":1},"o":{"x":0.333,"y":0},"t":60,"s":[{"i":[[16.117,-23.901],[31.179,-21.107],[20.167,-8.354],[-58.872,-13.311],[-12.527,-1.814],[-22.162,0.181],[-13.358,-4.432],[64.437,41.927]],"o":[[-33.339,-12.68],[-0.491,0.216],[-34.037,14.158],[10.398,2.363],[51.923,8.28],[10.279,9.698],[112.351,36.279],[-18.365,-13.78]],"v":[[12.876,-60.124],[-79.658,-40.507],[-118.695,-41.998],[-105.815,33.441],[-68.467,41.91],[10.605,40.714],[46.497,62.164],[100.249,-84.663]],"c":true}]},{"i":{"x":0.667,"y":1},"o":{"x":0.333,"y":0},"t":90,"s":[{"i":[[17.063,-30.384],[19.346,-27.251],[20.167,-8.354],[-57.103,-19.554],[-12.527,-1.814],[-17.542,2.653],[-13.358,-4.432],[64.437,41.927]],"o":[[-22.571,-25.964],[-0.491,0.216],[-34.037,14.158],[11.559,3.958],[48.398,6.672],[9.708,7.778],[131.441,26.828],[-22.811,-15.095]],"v":[[13.875,-58.624],[-69.908,-41.007],[-118.695,-41.998],[-105.815,33.441],[-69.209,44.57],[12.608,47.19],[54.622,68.914],[100.25,-79.913]],"c":true}]},{"t":120.0000048877,"s":[{"i":[[16.117,-23.901],[31.179,-21.107],[20.167,-8.354],[-58.872,-13.311],[-12.527,-1.814],[-22.162,0.181],[-13.358,-4.432],[64.437,41.927]],"o":[[-33.339,-12.68],[-0.491,0.216],[-34.037,14.158],[10.398,2.363],[51.923,8.28],[10.279,9.698],[112.351,36.279],[-18.365,-13.78]],"v":[[12.876,-60.124],[-79.658,-40.507],[-118.695,-41.998],[-105.815,33.441],[-68.467,41.91],[10.605,40.714],[46.497,62.164],[100.249,-84.663]],"c":true}]}],"ix":2},"nm":"Path 1","mn":"ADBE Vector Shape - Group","hd":false},{"ty":"fl","c":{"a":0,"k":[0.105882352941,0.623529411765,0.96862745098,1],"ix":4},"o":{"a":0,"k":100,"ix":5},"r":1,"bm":0,"nm":"Fill 1","mn":"ADBE Vector Graphic - Fill","hd":false},{"ty":"tr","p":{"a":0,"k":[164.937,96.388],"ix":2},"a":{"a":0,"k":[0,0],"ix":1},"s":{"a":0,"k":[100,100],"ix":3},"r":{"a":0,"k":0,"ix":6},"o":{"a":0,"k":100,"ix":7},"sk":{"a":0,"k":0,"ix":4},"sa":{"a":0,"k":0,"ix":5},"nm":"Transform"}],"nm":"Group 1","np":2,"cix":2,"bm":0,"ix":1,"mn":"ADBE Vector Group","hd":false}],"ip":0,"op":120.0000048877,"st":0,"bm":0},{"ddd":0,"ind":11,"ty":4,"nm":"ï¿½ï¿½ï¿½ï¿½ 3 Outlines 3","parent":10,"sr":1,"ks":{"o":{"a":0,"k":100,"ix":11},"r":{"a":1,"k":[{"i":{"x":[0.667],"y":[1]},"o":{"x":[0.333],"y":[0]},"t":0,"s":[0]},{"i":{"x":[0.667],"y":[1]},"o":{"x":[0.333],"y":[0]},"t":30,"s":[16.776]},{"i":{"x":[0.667],"y":[1]},"o":{"x":[0.333],"y":[0]},"t":60,"s":[0]},{"i":{"x":[0.667],"y":[1]},"o":{"x":[0.333],"y":[0]},"t":90,"s":[16.776]},{"i":{"x":[0.667],"y":[1]},"o":{"x":[0.333],"y":[0]},"t":120,"s":[0]},{"i":{"x":[0.667],"y":[1]},"o":{"x":[0.333],"y":[0]},"t":150,"s":[16.776]},{"i":{"x":[0.667],"y":[1]},"o":{"x":[0.333],"y":[0]},"t":180,"s":[0]},{"i":{"x":[0.667],"y":[1]},"o":{"x":[0.333],"y":[0]},"t":210,"s":[16.776]},{"i":{"x":[0.667],"y":[1]},"o":{"x":[0.333],"y":[0]},"t":240,"s":[0]},{"i":{"x":[0.667],"y":[1]},"o":{"x":[0.333],"y":[0]},"t":270,"s":[16.776]},{"i":{"x":[0.667],"y":[1]},"o":{"x":[0.333],"y":[0]},"t":300,"s":[0]},{"i":{"x":[0.667],"y":[1]},"o":{"x":[0.333],"y":[0]},"t":330,"s":[16.776]},{"i":{"x":[0.667],"y":[1]},"o":{"x":[0.333],"y":[0]},"t":360,"s":[0]},{"i":{"x":[0.667],"y":[1]},"o":{"x":[0.333],"y":[0]},"t":390,"s":[16.776]},{"i":{"x":[0.667],"y":[1]},"o":{"x":[0.333],"y":[0]},"t":420,"s":[0]},{"i":{"x":[0.667],"y":[1]},"o":{"x":[0.333],"y":[0]},"t":450,"s":[16.776]},{"t":480.000019550801,"s":[0]}],"ix":10},"p":{"a":0,"k":[65.97,96.469,0],"ix":2},"a":{"a":0,"k":[73.172,207.702,0],"ix":1},"s":{"a":0,"k":[100,100,100],"ix":6}},"ao":0,"shapes":[{"ty":"gr","it":[{"ind":0,"ty":"sh","ix":1,"ks":{"a":1,"k":[{"i":{"x":0.667,"y":1},"o":{"x":0.333,"y":0},"t":0,"s":[{"i":[[1.948,11.29],[2.055,8.132],[2.58,9.939],[1.742,9.442],[0.053,10.383],[0.286,7.373],[2.408,1.626],[4.328,1.135],[4.182,-1.001],[2.174,-6.594],[0.905,-11.404],[1.901,-7.79],[2.946,-11.316],[2.38,-13.398],[0.087,-9.2],[-2.281,-8.059],[-1.836,-4.996],[-3.311,-4.277],[-3.558,-1.121],[-11.383,-0.986],[-12.247,-1.263],[21.072,22.613]],"o":[[-1.809,-8.542],[-2.061,-8.14],[-2.586,-9.946],[-1.736,-9.443],[-0.046,-10.375],[-0.292,-7.374],[-2.413,-1.632],[-4.329,-1.148],[-4.196,1.007],[-2.181,6.589],[-1.396,7.978],[-1.908,7.797],[-2.945,11.316],[-2.375,13.411],[-0.086,9.194],[2.293,8.045],[1.895,5.198],[1.569,2.002],[3.57,1.121],[8.006,0.699],[48.287,4.982],[-4.734,-5.084]],"v":[[24.323,32.635],[18.663,7.405],[11.695,-18.404],[4.521,-49.927],[2.107,-76.49],[2.294,-108.24],[-1.504,-117.999],[-11.969,-123.284],[-25.407,-123.183],[-35.221,-113.815],[-39.198,-84.433],[-43.891,-60.693],[-51.152,-33.971],[-59.949,5.753],[-63.687,40.157],[-60.387,64.012],[-50.062,91.701],[-43.206,108.885],[-35.753,114.145],[-15.999,116.354],[15.486,119.451],[35.872,54.972]],"c":true}]},{"i":{"x":0.667,"y":1},"o":{"x":0.333,"y":0},"t":30,"s":[{"i":[[1.948,11.29],[2.055,8.132],[2.58,9.939],[1.742,9.442],[0.053,10.383],[0.286,7.373],[2.408,1.626],[4.328,1.135],[4.182,-1.001],[3.632,-5.097],[2.868,-16.209],[1.075,-7.116],[2.435,-14.434],[2.38,-13.398],[0.087,-9.2],[-2.281,-8.059],[-3.591,-7.932],[-3.427,-4.646],[-3.558,-1.121],[-11.383,-0.986],[-12.296,0.617],[21.072,22.613]],"o":[[-1.809,-8.542],[-2.061,-8.14],[-2.586,-9.946],[-1.736,-9.443],[-0.046,-10.375],[-0.292,-7.374],[-2.413,-1.632],[-4.329,-1.148],[-4.196,1.007],[-4.079,5.725],[-1.396,7.978],[-1.49,9.865],[-1.945,11.53],[-2.375,13.411],[-0.086,9.194],[2.293,8.045],[2.282,5.04],[1.51,2.047],[3.57,1.121],[8.006,0.699],[59.266,-2.976],[-4.734,-5.084]],"v":[[24.323,32.635],[16.604,7.503],[9.663,-16.486],[-0.098,-48.796],[-2.512,-75.358],[0.92,-105.868],[-1.504,-117.999],[-11.969,-123.284],[-25.406,-123.183],[-36.621,-113.915],[-47.216,-86.129],[-50.983,-62.995],[-55.274,-36.384],[-62.175,6.163],[-65.444,42.122],[-62.145,65.977],[-53.73,92.741],[-44.32,109.091],[-36.866,114.35],[-15.999,116.354],[17.023,118.922],[35.872,54.972]],"c":true}]},{"i":{"x":0.667,"y":1},"o":{"x":0.333,"y":0},"t":60,"s":[{"i":[[1.948,11.29],[2.055,8.132],[2.58,9.939],[1.742,9.442],[0.053,10.383],[0.286,7.373],[2.408,1.626],[4.328,1.135],[4.182,-1.001],[2.174,-6.594],[0.905,-11.404],[1.901,-7.79],[2.946,-11.316],[2.38,-13.398],[0.087,-9.2],[-2.281,-8.059],[-1.836,-4.996],[-3.311,-4.277],[-3.558,-1.121],[-11.383,-0.986],[-12.247,-1.263],[21.072,22.613]],"o":[[-1.809,-8.542],[-2.061,-8.14],[-2.586,-9.946],[-1.736,-9.443],[-0.046,-10.375],[-0.292,-7.374],[-2.413,-1.632],[-4.329,-1.148],[-4.196,1.007],[-2.181,6.589],[-1.396,7.978],[-1.908,7.797],[-2.945,11.316],[-2.375,13.411],[-0.086,9.194],[2.293,8.045],[1.895,5.198],[1.569,2.002],[3.57,1.121],[8.006,0.699],[48.287,4.982],[-4.734,-5.084]],"v":[[24.323,32.635],[18.663,7.405],[11.695,-18.404],[4.521,-49.927],[2.107,-76.49],[2.294,-108.24],[-1.504,-117.999],[-11.969,-123.284],[-25.407,-123.183],[-35.221,-113.815],[-39.198,-84.433],[-43.891,-60.693],[-51.152,-33.971],[-59.949,5.753],[-63.687,40.157],[-60.387,64.012],[-50.062,91.701],[-43.206,108.885],[-35.753,114.145],[-15.999,116.354],[15.486,119.451],[35.872,54.972]],"c":true}]},{"i":{"x":0.833,"y":0.833},"o":{"x":0.333,"y":0},"t":90,"s":[{"i":[[1.948,11.29],[2.055,8.132],[2.58,9.939],[1.742,9.442],[0.053,10.383],[0.286,7.373],[2.408,1.626],[4.328,1.135],[4.182,-1.001],[3.632,-5.097],[2.868,-16.209],[1.075,-7.116],[2.435,-14.434],[2.38,-13.398],[0.087,-9.2],[-2.281,-8.059],[-3.591,-7.932],[-3.427,-4.646],[-3.558,-1.121],[-11.383,-0.986],[-12.296,0.617],[21.072,22.613]],"o":[[-1.809,-8.542],[-2.061,-8.14],[-2.586,-9.946],[-1.736,-9.443],[-0.046,-10.375],[-0.292,-7.374],[-2.413,-1.632],[-4.329,-1.148],[-4.196,1.007],[-4.079,5.725],[-1.396,7.978],[-1.49,9.865],[-1.945,11.53],[-2.375,13.411],[-0.086,9.194],[2.293,8.045],[2.282,5.04],[1.51,2.047],[3.57,1.121],[8.006,0.699],[59.266,-2.976],[-4.734,-5.084]],"v":[[24.323,32.635],[16.604,7.503],[9.663,-16.486],[-0.098,-48.796],[-2.512,-75.358],[0.92,-105.868],[-1.504,-117.999],[-11.969,-123.284],[-25.406,-123.183],[-36.621,-113.915],[-47.216,-86.129],[-50.983,-62.995],[-55.274,-36.384],[-62.175,6.163],[-65.444,42.122],[-62.145,65.977],[-53.73,92.741],[-44.32,109.091],[-36.866,114.35],[-15.999,116.354],[17.023,118.922],[35.872,54.972]],"c":true}]},{"i":{"x":0.667,"y":1},"o":{"x":0.167,"y":0.167},"t":120,"s":[{"i":[[1.948,11.29],[2.055,8.132],[2.58,9.939],[1.742,9.442],[0.053,10.383],[0.286,7.373],[2.408,1.626],[4.328,1.135],[4.182,-1.001],[2.174,-6.594],[0.905,-11.404],[1.901,-7.79],[2.946,-11.316],[2.38,-13.398],[0.087,-9.2],[-2.281,-8.059],[-1.836,-4.996],[-3.311,-4.277],[-3.558,-1.121],[-11.383,-0.986],[-12.247,-1.263],[21.072,22.613]],"o":[[-1.809,-8.542],[-2.061,-8.14],[-2.586,-9.946],[-1.736,-9.443],[-0.046,-10.375],[-0.292,-7.374],[-2.413,-1.632],[-4.329,-1.148],[-4.196,1.007],[-2.181,6.589],[-1.396,7.978],[-1.908,7.797],[-2.945,11.316],[-2.375,13.411],[-0.086,9.194],[2.293,8.045],[1.895,5.198],[1.569,2.002],[3.57,1.121],[8.006,0.699],[48.287,4.982],[-4.734,-5.084]],"v":[[24.323,32.635],[18.663,7.405],[11.695,-18.404],[4.521,-49.927],[2.107,-76.49],[2.294,-108.24],[-1.504,-117.999],[-11.969,-123.284],[-25.407,-123.183],[-35.221,-113.815],[-39.198,-84.433],[-43.891,-60.693],[-51.152,-33.971],[-59.949,5.753],[-63.687,40.157],[-60.387,64.012],[-50.062,91.701],[-43.206,108.885],[-35.753,114.145],[-15.999,116.354],[15.486,119.451],[35.872,54.972]],"c":true}]},{"i":{"x":0.667,"y":1},"o":{"x":0.333,"y":0},"t":150,"s":[{"i":[[1.948,11.29],[2.055,8.132],[2.58,9.939],[1.742,9.442],[0.053,10.383],[0.286,7.373],[2.408,1.626],[4.328,1.135],[4.182,-1.001],[3.632,-5.097],[2.868,-16.209],[1.075,-7.116],[2.435,-14.434],[2.38,-13.398],[0.087,-9.2],[-2.281,-8.059],[-3.591,-7.932],[-3.427,-4.646],[-3.558,-1.121],[-11.383,-0.986],[-12.296,0.617],[21.072,22.613]],"o":[[-1.809,-8.542],[-2.061,-8.14],[-2.586,-9.946],[-1.736,-9.443],[-0.046,-10.375],[-0.292,-7.374],[-2.413,-1.632],[-4.329,-1.148],[-4.196,1.007],[-4.079,5.725],[-1.396,7.978],[-1.49,9.865],[-1.945,11.53],[-2.375,13.411],[-0.086,9.194],[2.293,8.045],[2.282,5.04],[1.51,2.047],[3.57,1.121],[8.006,0.699],[59.266,-2.976],[-4.734,-5.084]],"v":[[24.323,32.635],[16.604,7.503],[9.663,-16.486],[-0.098,-48.796],[-2.512,-75.358],[0.92,-105.868],[-1.504,-117.999],[-11.969,-123.284],[-25.406,-123.183],[-36.621,-113.915],[-47.216,-86.129],[-50.983,-62.995],[-55.274,-36.384],[-62.175,6.163],[-65.444,42.122],[-62.145,65.977],[-53.73,92.741],[-44.32,109.091],[-36.866,114.35],[-15.999,116.354],[17.023,118.922],[35.872,54.972]],"c":true}]},{"i":{"x":0.667,"y":1},"o":{"x":0.333,"y":0},"t":180,"s":[{"i":[[1.948,11.29],[2.055,8.132],[2.58,9.939],[1.742,9.442],[0.053,10.383],[0.286,7.373],[2.408,1.626],[4.328,1.135],[4.182,-1.001],[2.174,-6.594],[0.905,-11.404],[1.901,-7.79],[2.946,-11.316],[2.38,-13.398],[0.087,-9.2],[-2.281,-8.059],[-1.836,-4.996],[-3.311,-4.277],[-3.558,-1.121],[-11.383,-0.986],[-12.247,-1.263],[21.072,22.613]],"o":[[-1.809,-8.542],[-2.061,-8.14],[-2.586,-9.946],[-1.736,-9.443],[-0.046,-10.375],[-0.292,-7.374],[-2.413,-1.632],[-4.329,-1.148],[-4.196,1.007],[-2.181,6.589],[-1.396,7.978],[-1.908,7.797],[-2.945,11.316],[-2.375,13.411],[-0.086,9.194],[2.293,8.045],[1.895,5.198],[1.569,2.002],[3.57,1.121],[8.006,0.699],[48.287,4.982],[-4.734,-5.084]],"v":[[24.323,32.635],[18.663,7.405],[11.695,-18.404],[4.521,-49.927],[2.107,-76.49],[2.294,-108.24],[-1.504,-117.999],[-11.969,-123.284],[-25.407,-123.183],[-35.221,-113.815],[-39.198,-84.433],[-43.891,-60.693],[-51.152,-33.971],[-59.949,5.753],[-63.687,40.157],[-60.387,64.012],[-50.062,91.701],[-43.206,108.885],[-35.753,114.145],[-15.999,116.354],[15.486,119.451],[35.872,54.972]],"c":true}]},{"i":{"x":0.833,"y":0.833},"o":{"x":0.333,"y":0},"t":210,"s":[{"i":[[1.948,11.29],[2.055,8.132],[2.58,9.939],[1.742,9.442],[0.053,10.383],[0.286,7.373],[2.408,1.626],[4.328,1.135],[4.182,-1.001],[3.632,-5.097],[2.868,-16.209],[1.075,-7.116],[2.435,-14.434],[2.38,-13.398],[0.087,-9.2],[-2.281,-8.059],[-3.591,-7.932],[-3.427,-4.646],[-3.558,-1.121],[-11.383,-0.986],[-12.296,0.617],[21.072,22.613]],"o":[[-1.809,-8.542],[-2.061,-8.14],[-2.586,-9.946],[-1.736,-9.443],[-0.046,-10.375],[-0.292,-7.374],[-2.413,-1.632],[-4.329,-1.148],[-4.196,1.007],[-4.079,5.725],[-1.396,7.978],[-1.49,9.865],[-1.945,11.53],[-2.375,13.411],[-0.086,9.194],[2.293,8.045],[2.282,5.04],[1.51,2.047],[3.57,1.121],[8.006,0.699],[59.266,-2.976],[-4.734,-5.084]],"v":[[24.323,32.635],[16.604,7.503],[9.663,-16.486],[-0.098,-48.796],[-2.512,-75.358],[0.92,-105.868],[-1.504,-117.999],[-11.969,-123.284],[-25.406,-123.183],[-36.621,-113.915],[-47.216,-86.129],[-50.983,-62.995],[-55.274,-36.384],[-62.175,6.163],[-65.444,42.122],[-62.145,65.977],[-53.73,92.741],[-44.32,109.091],[-36.866,114.35],[-15.999,116.354],[17.023,118.922],[35.872,54.972]],"c":true}]},{"i":{"x":0.667,"y":1},"o":{"x":0.167,"y":0.167},"t":240,"s":[{"i":[[1.948,11.29],[2.055,8.132],[2.58,9.939],[1.742,9.442],[0.053,10.383],[0.286,7.373],[2.408,1.626],[4.328,1.135],[4.182,-1.001],[2.174,-6.594],[0.905,-11.404],[1.901,-7.79],[2.946,-11.316],[2.38,-13.398],[0.087,-9.2],[-2.281,-8.059],[-1.836,-4.996],[-3.311,-4.277],[-3.558,-1.121],[-11.383,-0.986],[-12.247,-1.263],[21.072,22.613]],"o":[[-1.809,-8.542],[-2.061,-8.14],[-2.586,-9.946],[-1.736,-9.443],[-0.046,-10.375],[-0.292,-7.374],[-2.413,-1.632],[-4.329,-1.148],[-4.196,1.007],[-2.181,6.589],[-1.396,7.978],[-1.908,7.797],[-2.945,11.316],[-2.375,13.411],[-0.086,9.194],[2.293,8.045],[1.895,5.198],[1.569,2.002],[3.57,1.121],[8.006,0.699],[48.287,4.982],[-4.734,-5.084]],"v":[[24.323,32.635],[18.663,7.405],[11.695,-18.404],[4.521,-49.927],[2.107,-76.49],[2.294,-108.24],[-1.504,-117.999],[-11.969,-123.284],[-25.407,-123.183],[-35.221,-113.815],[-39.198,-84.433],[-43.891,-60.693],[-51.152,-33.971],[-59.949,5.753],[-63.687,40.157],[-60.387,64.012],[-50.062,91.701],[-43.206,108.885],[-35.753,114.145],[-15.999,116.354],[15.486,119.451],[35.872,54.972]],"c":true}]},{"i":{"x":0.667,"y":1},"o":{"x":0.333,"y":0},"t":270,"s":[{"i":[[1.948,11.29],[2.055,8.132],[2.58,9.939],[1.742,9.442],[0.053,10.383],[0.286,7.373],[2.408,1.626],[4.328,1.135],[4.182,-1.001],[3.632,-5.097],[2.868,-16.209],[1.075,-7.116],[2.435,-14.434],[2.38,-13.398],[0.087,-9.2],[-2.281,-8.059],[-3.591,-7.932],[-3.427,-4.646],[-3.558,-1.121],[-11.383,-0.986],[-12.296,0.617],[21.072,22.613]],"o":[[-1.809,-8.542],[-2.061,-8.14],[-2.586,-9.946],[-1.736,-9.443],[-0.046,-10.375],[-0.292,-7.374],[-2.413,-1.632],[-4.329,-1.148],[-4.196,1.007],[-4.079,5.725],[-1.396,7.978],[-1.49,9.865],[-1.945,11.53],[-2.375,13.411],[-0.086,9.194],[2.293,8.045],[2.282,5.04],[1.51,2.047],[3.57,1.121],[8.006,0.699],[59.266,-2.976],[-4.734,-5.084]],"v":[[24.323,32.635],[16.604,7.503],[9.663,-16.486],[-0.098,-48.796],[-2.512,-75.358],[0.92,-105.868],[-1.504,-117.999],[-11.969,-123.284],[-25.406,-123.183],[-36.621,-113.915],[-47.216,-86.129],[-50.983,-62.995],[-55.274,-36.384],[-62.175,6.163],[-65.444,42.122],[-62.145,65.977],[-53.73,92.741],[-44.32,109.091],[-36.866,114.35],[-15.999,116.354],[17.023,118.922],[35.872,54.972]],"c":true}]},{"i":{"x":0.667,"y":1},"o":{"x":0.333,"y":0},"t":300,"s":[{"i":[[1.948,11.29],[2.055,8.132],[2.58,9.939],[1.742,9.442],[0.053,10.383],[0.286,7.373],[2.408,1.626],[4.328,1.135],[4.182,-1.001],[2.174,-6.594],[0.905,-11.404],[1.901,-7.79],[2.946,-11.316],[2.38,-13.398],[0.087,-9.2],[-2.281,-8.059],[-1.836,-4.996],[-3.311,-4.277],[-3.558,-1.121],[-11.383,-0.986],[-12.247,-1.263],[21.072,22.613]],"o":[[-1.809,-8.542],[-2.061,-8.14],[-2.586,-9.946],[-1.736,-9.443],[-0.046,-10.375],[-0.292,-7.374],[-2.413,-1.632],[-4.329,-1.148],[-4.196,1.007],[-2.181,6.589],[-1.396,7.978],[-1.908,7.797],[-2.945,11.316],[-2.375,13.411],[-0.086,9.194],[2.293,8.045],[1.895,5.198],[1.569,2.002],[3.57,1.121],[8.006,0.699],[48.287,4.982],[-4.734,-5.084]],"v":[[24.323,32.635],[18.663,7.405],[11.695,-18.404],[4.521,-49.927],[2.107,-76.49],[2.294,-108.24],[-1.504,-117.999],[-11.969,-123.284],[-25.407,-123.183],[-35.221,-113.815],[-39.198,-84.433],[-43.891,-60.693],[-51.152,-33.971],[-59.949,5.753],[-63.687,40.157],[-60.387,64.012],[-50.062,91.701],[-43.206,108.885],[-35.753,114.145],[-15.999,116.354],[15.486,119.451],[35.872,54.972]],"c":true}]},{"i":{"x":0.833,"y":0.833},"o":{"x":0.333,"y":0},"t":330,"s":[{"i":[[1.948,11.29],[2.055,8.132],[2.58,9.939],[1.742,9.442],[0.053,10.383],[0.286,7.373],[2.408,1.626],[4.328,1.135],[4.182,-1.001],[3.632,-5.097],[2.868,-16.209],[1.075,-7.116],[2.435,-14.434],[2.38,-13.398],[0.087,-9.2],[-2.281,-8.059],[-3.591,-7.932],[-3.427,-4.646],[-3.558,-1.121],[-11.383,-0.986],[-12.296,0.617],[21.072,22.613]],"o":[[-1.809,-8.542],[-2.061,-8.14],[-2.586,-9.946],[-1.736,-9.443],[-0.046,-10.375],[-0.292,-7.374],[-2.413,-1.632],[-4.329,-1.148],[-4.196,1.007],[-4.079,5.725],[-1.396,7.978],[-1.49,9.865],[-1.945,11.53],[-2.375,13.411],[-0.086,9.194],[2.293,8.045],[2.282,5.04],[1.51,2.047],[3.57,1.121],[8.006,0.699],[59.266,-2.976],[-4.734,-5.084]],"v":[[24.323,32.635],[16.604,7.503],[9.663,-16.486],[-0.098,-48.796],[-2.512,-75.358],[0.92,-105.868],[-1.504,-117.999],[-11.969,-123.284],[-25.406,-123.183],[-36.621,-113.915],[-47.216,-86.129],[-50.983,-62.995],[-55.274,-36.384],[-62.175,6.163],[-65.444,42.122],[-62.145,65.977],[-53.73,92.741],[-44.32,109.091],[-36.866,114.35],[-15.999,116.354],[17.023,118.922],[35.872,54.972]],"c":true}]},{"i":{"x":0.667,"y":1},"o":{"x":0.167,"y":0.167},"t":360,"s":[{"i":[[1.948,11.29],[2.055,8.132],[2.58,9.939],[1.742,9.442],[0.053,10.383],[0.286,7.373],[2.408,1.626],[4.328,1.135],[4.182,-1.001],[2.174,-6.594],[0.905,-11.404],[1.901,-7.79],[2.946,-11.316],[2.38,-13.398],[0.087,-9.2],[-2.281,-8.059],[-1.836,-4.996],[-3.311,-4.277],[-3.558,-1.121],[-11.383,-0.986],[-12.247,-1.263],[21.072,22.613]],"o":[[-1.809,-8.542],[-2.061,-8.14],[-2.586,-9.946],[-1.736,-9.443],[-0.046,-10.375],[-0.292,-7.374],[-2.413,-1.632],[-4.329,-1.148],[-4.196,1.007],[-2.181,6.589],[-1.396,7.978],[-1.908,7.797],[-2.945,11.316],[-2.375,13.411],[-0.086,9.194],[2.293,8.045],[1.895,5.198],[1.569,2.002],[3.57,1.121],[8.006,0.699],[48.287,4.982],[-4.734,-5.084]],"v":[[24.323,32.635],[18.663,7.405],[11.695,-18.404],[4.521,-49.927],[2.107,-76.49],[2.294,-108.24],[-1.504,-117.999],[-11.969,-123.284],[-25.407,-123.183],[-35.221,-113.815],[-39.198,-84.433],[-43.891,-60.693],[-51.152,-33.971],[-59.949,5.753],[-63.687,40.157],[-60.387,64.012],[-50.062,91.701],[-43.206,108.885],[-35.753,114.145],[-15.999,116.354],[15.486,119.451],[35.872,54.972]],"c":true}]},{"i":{"x":0.667,"y":1},"o":{"x":0.333,"y":0},"t":390,"s":[{"i":[[1.948,11.29],[2.055,8.132],[2.58,9.939],[1.742,9.442],[0.053,10.383],[0.286,7.373],[2.408,1.626],[4.328,1.135],[4.182,-1.001],[3.632,-5.097],[2.868,-16.209],[1.075,-7.116],[2.435,-14.434],[2.38,-13.398],[0.087,-9.2],[-2.281,-8.059],[-3.591,-7.932],[-3.427,-4.646],[-3.558,-1.121],[-11.383,-0.986],[-12.296,0.617],[21.072,22.613]],"o":[[-1.809,-8.542],[-2.061,-8.14],[-2.586,-9.946],[-1.736,-9.443],[-0.046,-10.375],[-0.292,-7.374],[-2.413,-1.632],[-4.329,-1.148],[-4.196,1.007],[-4.079,5.725],[-1.396,7.978],[-1.49,9.865],[-1.945,11.53],[-2.375,13.411],[-0.086,9.194],[2.293,8.045],[2.282,5.04],[1.51,2.047],[3.57,1.121],[8.006,0.699],[59.266,-2.976],[-4.734,-5.084]],"v":[[24.323,32.635],[16.604,7.503],[9.663,-16.486],[-0.098,-48.796],[-2.512,-75.358],[0.92,-105.868],[-1.504,-117.999],[-11.969,-123.284],[-25.406,-123.183],[-36.621,-113.915],[-47.216,-86.129],[-50.983,-62.995],[-55.274,-36.384],[-62.175,6.163],[-65.444,42.122],[-62.145,65.977],[-53.73,92.741],[-44.32,109.091],[-36.866,114.35],[-15.999,116.354],[17.023,118.922],[35.872,54.972]],"c":true}]},{"i":{"x":0.667,"y":1},"o":{"x":0.333,"y":0},"t":420,"s":[{"i":[[1.948,11.29],[2.055,8.132],[2.58,9.939],[1.742,9.442],[0.053,10.383],[0.286,7.373],[2.408,1.626],[4.328,1.135],[4.182,-1.001],[2.174,-6.594],[0.905,-11.404],[1.901,-7.79],[2.946,-11.316],[2.38,-13.398],[0.087,-9.2],[-2.281,-8.059],[-1.836,-4.996],[-3.311,-4.277],[-3.558,-1.121],[-11.383,-0.986],[-12.247,-1.263],[21.072,22.613]],"o":[[-1.809,-8.542],[-2.061,-8.14],[-2.586,-9.946],[-1.736,-9.443],[-0.046,-10.375],[-0.292,-7.374],[-2.413,-1.632],[-4.329,-1.148],[-4.196,1.007],[-2.181,6.589],[-1.396,7.978],[-1.908,7.797],[-2.945,11.316],[-2.375,13.411],[-0.086,9.194],[2.293,8.045],[1.895,5.198],[1.569,2.002],[3.57,1.121],[8.006,0.699],[48.287,4.982],[-4.734,-5.084]],"v":[[24.323,32.635],[18.663,7.405],[11.695,-18.404],[4.521,-49.927],[2.107,-76.49],[2.294,-108.24],[-1.504,-117.999],[-11.969,-123.284],[-25.407,-123.183],[-35.221,-113.815],[-39.198,-84.433],[-43.891,-60.693],[-51.152,-33.971],[-59.949,5.753],[-63.687,40.157],[-60.387,64.012],[-50.062,91.701],[-43.206,108.885],[-35.753,114.145],[-15.999,116.354],[15.486,119.451],[35.872,54.972]],"c":true}]},{"i":{"x":0.833,"y":0.833},"o":{"x":0.333,"y":0},"t":450,"s":[{"i":[[1.948,11.29],[2.055,8.132],[2.58,9.939],[1.742,9.442],[0.053,10.383],[0.286,7.373],[2.408,1.626],[4.328,1.135],[4.182,-1.001],[3.632,-5.097],[2.868,-16.209],[1.075,-7.116],[2.435,-14.434],[2.38,-13.398],[0.087,-9.2],[-2.281,-8.059],[-3.591,-7.932],[-3.427,-4.646],[-3.558,-1.121],[-11.383,-0.986],[-12.296,0.617],[21.072,22.613]],"o":[[-1.809,-8.542],[-2.061,-8.14],[-2.586,-9.946],[-1.736,-9.443],[-0.046,-10.375],[-0.292,-7.374],[-2.413,-1.632],[-4.329,-1.148],[-4.196,1.007],[-4.079,5.725],[-1.396,7.978],[-1.49,9.865],[-1.945,11.53],[-2.375,13.411],[-0.086,9.194],[2.293,8.045],[2.282,5.04],[1.51,2.047],[3.57,1.121],[8.006,0.699],[59.266,-2.976],[-4.734,-5.084]],"v":[[24.323,32.635],[16.604,7.503],[9.663,-16.486],[-0.098,-48.796],[-2.512,-75.358],[0.92,-105.868],[-1.504,-117.999],[-11.969,-123.284],[-25.406,-123.183],[-36.621,-113.915],[-47.216,-86.129],[-50.983,-62.995],[-55.274,-36.384],[-62.175,6.163],[-65.444,42.122],[-62.145,65.977],[-53.73,92.741],[-44.32,109.091],[-36.866,114.35],[-15.999,116.354],[17.023,118.922],[35.872,54.972]],"c":true}]},{"t":480.000019550801,"s":[{"i":[[1.948,11.29],[2.055,8.132],[2.58,9.939],[1.742,9.442],[0.053,10.383],[0.286,7.373],[2.408,1.626],[4.328,1.135],[4.182,-1.001],[2.174,-6.594],[0.905,-11.404],[1.901,-7.79],[2.946,-11.316],[2.38,-13.398],[0.087,-9.2],[-2.281,-8.059],[-1.836,-4.996],[-3.311,-4.277],[-3.558,-1.121],[-11.383,-0.986],[-12.247,-1.263],[21.072,22.613]],"o":[[-1.809,-8.542],[-2.061,-8.14],[-2.586,-9.946],[-1.736,-9.443],[-0.046,-10.375],[-0.292,-7.374],[-2.413,-1.632],[-4.329,-1.148],[-4.196,1.007],[-2.181,6.589],[-1.396,7.978],[-1.908,7.797],[-2.945,11.316],[-2.375,13.411],[-0.086,9.194],[2.293,8.045],[1.895,5.198],[1.569,2.002],[3.57,1.121],[8.006,0.699],[48.287,4.982],[-4.734,-5.084]],"v":[[24.323,32.635],[18.663,7.405],[11.695,-18.404],[4.521,-49.927],[2.107,-76.49],[2.294,-108.24],[-1.504,-117.999],[-11.969,-123.284],[-25.407,-123.183],[-35.221,-113.815],[-39.198,-84.433],[-43.891,-60.693],[-51.152,-33.971],[-59.949,5.753],[-63.687,40.157],[-60.387,64.012],[-50.062,91.701],[-43.206,108.885],[-35.753,114.145],[-15.999,116.354],[15.486,119.451],[35.872,54.972]],"c":true}]}],"ix":2},"nm":"Path 1","mn":"ADBE Vector Shape - Group","hd":false},{"ty":"fl","c":{"a":0,"k":[0.105882352941,0.623529411765,0.96862745098,1],"ix":4},"o":{"a":0,"k":100,"ix":5},"r":1,"bm":0,"nm":"Fill 1","mn":"ADBE Vector Graphic - Fill","hd":false},{"ty":"tr","p":{"a":0,"k":[64.668,124.227],"ix":2},"a":{"a":0,"k":[0,0],"ix":1},"s":{"a":0,"k":[100,100],"ix":3},"r":{"a":0,"k":0,"ix":6},"o":{"a":0,"k":100,"ix":7},"sk":{"a":0,"k":0,"ix":4},"sa":{"a":0,"k":0,"ix":5},"nm":"Transform"}],"nm":"Group 1","np":2,"cix":2,"bm":0,"ix":1,"mn":"ADBE Vector Group","hd":false}],"ip":0,"op":120.0000048877,"st":0,"bm":0},{"ddd":0,"ind":12,"ty":4,"nm":"ï¿½ï¿½ï¿½ï¿½ 2 Outlines 3","parent":11,"sr":1,"ks":{"o":{"a":0,"k":100,"ix":11},"r":{"a":1,"k":[{"i":{"x":[0.667],"y":[1]},"o":{"x":[0.333],"y":[0]},"t":0,"s":[0]},{"i":{"x":[0.667],"y":[1]},"o":{"x":[0.333],"y":[0]},"t":30,"s":[20.111]},{"i":{"x":[0.667],"y":[1]},"o":{"x":[0.333],"y":[0]},"t":60,"s":[0]},{"i":{"x":[0.667],"y":[1]},"o":{"x":[0.333],"y":[0]},"t":90,"s":[20.111]},{"i":{"x":[0.667],"y":[1]},"o":{"x":[0.333],"y":[0]},"t":120,"s":[0]},{"i":{"x":[0.667],"y":[1]},"o":{"x":[0.333],"y":[0]},"t":150,"s":[20.111]},{"i":{"x":[0.667],"y":[1]},"o":{"x":[0.333],"y":[0]},"t":180,"s":[0]},{"i":{"x":[0.667],"y":[1]},"o":{"x":[0.333],"y":[0]},"t":210,"s":[20.111]},{"i":{"x":[0.667],"y":[1]},"o":{"x":[0.333],"y":[0]},"t":240,"s":[0]},{"i":{"x":[0.667],"y":[1]},"o":{"x":[0.333],"y":[0]},"t":270,"s":[20.111]},{"i":{"x":[0.667],"y":[1]},"o":{"x":[0.333],"y":[0]},"t":300,"s":[0]},{"i":{"x":[0.667],"y":[1]},"o":{"x":[0.333],"y":[0]},"t":330,"s":[20.111]},{"i":{"x":[0.667],"y":[1]},"o":{"x":[0.333],"y":[0]},"t":360,"s":[0]},{"i":{"x":[0.667],"y":[1]},"o":{"x":[0.333],"y":[0]},"t":390,"s":[20.111]},{"i":{"x":[0.667],"y":[1]},"o":{"x":[0.333],"y":[0]},"t":420,"s":[0]},{"i":{"x":[0.667],"y":[1]},"o":{"x":[0.333],"y":[0]},"t":450,"s":[20.111]},{"t":480.000019550801,"s":[0]}],"ix":10},"p":{"a":0,"k":[47.609,19.9,0],"ix":2},"a":{"a":0,"k":[20.051,79.151,0],"ix":1},"s":{"a":0,"k":[100,100,100],"ix":6}},"ao":0,"shapes":[{"ty":"gr","it":[{"ind":0,"ty":"sh","ix":1,"ks":{"a":0,"k":{"i":[[1.336,-1.034],[4.375,-4.385],[6.735,-8.369],[5.166,-7.73],[-0.831,-4.184],[-9.821,1.323],[-5.357,6.442],[0.745,7.018],[-1.151,-1.128],[-3.038,-1.699],[-1.981,1.001],[-0.199,2.458],[2.068,3.687],[4.156,4.452],[2.906,2.33],[-0.538,-0.336],[-4.155,-4.459],[-2.081,-3.686],[0,0],[-1.204,0.571],[0.04,2.385],[2.62,3.908],[4.881,4.459],[3.717,2.485],[-0.851,-0.457],[-4.873,-4.473],[-2.634,-3.908],[0,0],[0.007,-0.007],[-0.845,2.062],[0.492,-0.967],[-2.141,0.531],[-1.064,1.202],[0.113,1.558],[1.004,1.269],[2.121,0.873],[0.798,0.248],[1.051,-0.753],[0.958,-0.436],[1.151,1.478],[3.384,3.278],[4.282,3.049],[0.798,0.524],[-4.056,-3.009],[-3.318,-3.344],[-1.037,-1.142],[0,0],[-0.871,1.39],[2.42,3.734],[4.521,3.7],[4.581,2.304],[3.823,-0.497]],"o":[[-4.089,2.988],[-4.388,4.386],[-6.723,8.367],[-5.18,7.73],[2.141,10.738],[7.627,-1.021],[2.692,-3.237],[1.177,1.114],[3.643,3.566],[3.046,1.686],[1.982,-1.007],[0.186,-2.445],[-2.074,-3.687],[-2.72,-2.922],[0.499,0.255],[3.903,2.405],[4.156,4.445],[0,0],[2.135,0.128],[2.413,-1.155],[-0.04,-2.404],[-2.626,-3.922],[-3.384,-3.103],[0.791,0.362],[4.92,2.686],[4.881,4.466],[0,0],[-0.006,0.006],[2.407,-0.786],[-0.293,0.988],[2.361,-0.376],[2.194,-0.537],[1.071,-1.209],[-0.113,-1.565],[-1.023,-1.269],[-0.704,-0.288],[-0.539,0.819],[-0.711,0.517],[-0.651,-1.282],[-1.895,-2.418],[-3.385,-3.27],[-0.798,-0.564],[3.664,1.525],[4.202,3.129],[1.243,1.249],[0,0],[1.331,-0.618],[1.204,-1.948],[-2.427,-3.741],[-4.515,-3.694],[-4.575,-2.303],[-1.968,0.262]],"v":[[1.715,-42.541],[-10.839,-32.179],[-26.644,-13.609],[-47.323,13.421],[-53.234,29.855],[-28.705,43.844],[-6.999,33.763],[-3.186,17.787],[0.319,21.171],[10.345,29.821],[18.118,30.506],[21.536,25.04],[18.81,16.021],[9.268,3.395],[0.551,-4.758],[2.107,-3.872],[15.179,7.411],[24.721,20.036],[24.78,20.15],[29.582,19.21],[33.345,14.173],[29.229,4.557],[17.945,-8.351],[6.941,-17.001],[9.401,-15.772],[25.166,-4.214],[36.457,8.693],[36.47,8.714],[36.451,8.727],[41.55,4.234],[40.479,7.169],[47.594,6.027],[52.535,3.462],[53.951,-0.903],[52.155,-5.262],[47.647,-8.412],[45.36,-9.224],[43.039,-6.853],[40.52,-5.41],[37.846,-9.439],[29.914,-18.096],[18.132,-27.988],[15.738,-29.62],[27.667,-22.568],[39.223,-12.421],[42.653,-8.814],[42.653,-8.808],[46.344,-11.675],[45.121,-20.352],[33.326,-32.259],[20.04,-41.185],[6.682,-44.67]],"c":true},"ix":2},"nm":"Path 1","mn":"ADBE Vector Shape - Group","hd":false},{"ty":"fl","c":{"a":0,"k":[0.105882352941,0.623529411765,0.96862745098,1],"ix":4},"o":{"a":0,"k":100,"ix":5},"r":1,"bm":0,"nm":"Fill 1","mn":"ADBE Vector Graphic - Fill","hd":false},{"ty":"tr","p":{"a":0,"k":[54.314,45.417],"ix":2},"a":{"a":0,"k":[0,0],"ix":1},"s":{"a":0,"k":[100,100],"ix":3},"r":{"a":0,"k":0,"ix":6},"o":{"a":0,"k":100,"ix":7},"sk":{"a":0,"k":0,"ix":4},"sa":{"a":0,"k":0,"ix":5},"nm":"Transform"}],"nm":"Group 1","np":2,"cix":2,"bm":0,"ix":1,"mn":"ADBE Vector Group","hd":false},{"ty":"gr","it":[{"ind":0,"ty":"sh","ix":1,"ks":{"a":0,"k":{"i":[[-5.878,-5.614],[2.626,-1.887],[3.916,0.06],[-0.525,-0.497],[-2.467,-2.344],[2.639,-1.9],[3.252,-0.322],[-1.044,-1.175],[2.852,-1.578],[1.424,-0.464],[0.519,-1.189],[2.56,-0.511],[3.053,0.974],[1.795,1.41],[-15.978,18.012]],"o":[[-0.625,2.129],[-2.281,1.646],[0.472,0.443],[2.042,1.921],[-0.625,2.129],[-1.915,1.383],[1.018,1.129],[-1.078,2.082],[-2.56,1.417],[-2.008,0.658],[-1.37,3.143],[-3.338,0.644],[-3.051,-0.981],[-25.633,-20.14],[5.958,-6.716]],"v":[[40.56,-9.661],[36.684,-3.516],[26.717,-0.459],[28.219,0.951],[35.194,7.573],[31.305,13.731],[23.139,16.698],[26.245,20.185],[21.238,25.919],[15.386,28.815],[13.684,31.635],[2.407,37.398],[-7.647,36.94],[-14.927,32.723],[3.83,-31.326]],"c":true},"ix":2},"nm":"Path 1","mn":"ADBE Vector Shape - Group","hd":false},{"ty":"fl","c":{"a":0,"k":[0.029757783927,0.517785405178,0.843137254902,1],"ix":4},"o":{"a":0,"k":100,"ix":5},"r":1,"bm":0,"nm":"Fill 1","mn":"ADBE Vector Graphic - Fill","hd":false},{"ty":"tr","p":{"a":0,"k":[60.671,42.079],"ix":2},"a":{"a":0,"k":[0,0],"ix":1},"s":{"a":0,"k":[100,100],"ix":3},"r":{"a":0,"k":0,"ix":6},"o":{"a":0,"k":100,"ix":7},"sk":{"a":0,"k":0,"ix":4},"sa":{"a":0,"k":0,"ix":5},"nm":"Transform"}],"nm":"Group 2","np":2,"cix":2,"bm":0,"ix":2,"mn":"ADBE Vector Group","hd":false}],"ip":0,"op":120.0000048877,"st":0,"bm":0}],"markers":[]}